http://development.persist.signzy.tech/api/files/388809/download-bypass/QLesbUnMIGCPh9gzoqOZZBLmJH4xM9IHysfFcmU8I6ntIgtbmU.jpg,tmpout/0_QLesbUnMIGCPh9gzoqOZZBLmJH4xM9IHysfFcmU8I6ntIgtbmU.jpg.jpg,,,
http://development.persist.signzy.tech/api/files/388810/download-bypass/k14oNaAJtE4DHPrv8k08EOjwWL74UnqMBvddZSBLQThIqR1spT.jpg,tmpout/1_k14oNaAJtE4DHPrv8k08EOjwWL74UnqMBvddZSBLQThIqR1spT.jpg.jpg,,,
http://development.persist.signzy.tech/api/files/388811/download-bypass/Ks8eVfjBIy66tBn1Nm4ttru8RL0jiqZng8wEidLi4By4Nq85Fr.jpg,tmpout/2_Ks8eVfjBIy66tBn1Nm4ttru8RL0jiqZng8wEidLi4By4Nq85Fr.jpg.jpg,,,
http://development.persist.signzy.tech/api/files/388812/download-bypass/KJY9D74X4nO6QVcUbqr5VLTCsgnGZNeHHyc2QYX59hNpDSWXz2.jpg,tmpout/3_KJY9D74X4nO6QVcUbqr5VLTCsgnGZNeHHyc2QYX59hNpDSWXz2.jpg.jpg,,,
http://development.persist.signzy.tech/api/files/388815/download-bypass/99HpIDeAb0bLLGo40cAFOzl5aiC5r5dLZLwgVvf7dVzblXDZdz.jpg,tmpout/4_99HpIDeAb0bLLGo40cAFOzl5aiC5r5dLZLwgVvf7dVzblXDZdz.jpg.jpg,,,
http://development.persist.signzy.tech/api/files/388816/download-bypass/AIwzy3yRN1ShyRPZcMhK96qYZy3bKMlIfRsxguuBx70fP76oJd.jpg,tmpout/5_AIwzy3yRN1ShyRPZcMhK96qYZy3bKMlIfRsxguuBx70fP76oJd.jpg.jpg,,,
http://development.persist.signzy.tech/api/files/388817/download-bypass/ghGgj0O221jBAgeBrUyrrsD3jaK2SyxOUV8InOTkYLSMYKwRF6.jpg,tmpout/6_ghGgj0O221jBAgeBrUyrrsD3jaK2SyxOUV8InOTkYLSMYKwRF6.jpg.jpg,,,
http://development.persist.signzy.tech/api/files/388818/download-bypass/Gh34suggJrnAYIAVP4Y3dDK7vXuuqzd7ZdVLXUWz3nAK1ZHfBt.jpg,tmpout/7_Gh34suggJrnAYIAVP4Y3dDK7vXuuqzd7ZdVLXUWz3nAK1ZHfBt.jpg.jpg,,,
http://development.persist.signzy.tech/api/files/388819/download-bypass/zAQFceGFZgc6u76wyqyYdeuDYtWYKqPDzcwdw84wTmRUKA3KQo.jpg,tmpout/8_zAQFceGFZgc6u76wyqyYdeuDYtWYKqPDzcwdw84wTmRUKA3KQo.jpg.jpg,,,
http://development.persist.signzy.tech/api/files/388820/download-bypass/9MCuciFW6RqaTx8QuMOZEIXELlyYtwHJGRSCbXE0IScMYnmswk.jpg,tmpout/9_9MCuciFW6RqaTx8QuMOZEIXELlyYtwHJGRSCbXE0IScMYnmswk.jpg.jpg,,,
http://development.persist.signzy.tech/api/files/388821/download-bypass/U6thXvcSGlwc7NxUmvvJ0pcSWlsiLxIqwGpKdLxSekQYle7GY8.jpg,tmpout/10_U6thXvcSGlwc7NxUmvvJ0pcSWlsiLxIqwGpKdLxSekQYle7GY8.jpg.jpg,,,
http://development.persist.signzy.tech/api/files/388824/download-bypass/WFvtBfGmBw02PoVqOcyhNSIpLiOTwCICpog4ZNDfGsCz2GLym1.jpg,tmpout/11_WFvtBfGmBw02PoVqOcyhNSIpLiOTwCICpog4ZNDfGsCz2GLym1.jpg.jpg,,,
http://development.persist.signzy.tech/api/files/388823/download-bypass/Ag9ebwU3KXkj5H5Yfxk3Da7OHMwK1UGyU8rIEfWldhCzuRHV4P.jpg,tmpout/12_Ag9ebwU3KXkj5H5Yfxk3Da7OHMwK1UGyU8rIEfWldhCzuRHV4P.jpg.jpg,,,
http://development.persist.signzy.tech/api/files/388825/download-bypass/6WqUlR8ZvM8ustm5X20fbvbvhIv5oHk3kGQuHwlUEFFnBYI3ek.jpg,tmpout/13_6WqUlR8ZvM8ustm5X20fbvbvhIv5oHk3kGQuHwlUEFFnBYI3ek.jpg.jpg,,,
http://development.persist.signzy.tech/api/files/388827/download-bypass/33pszwHtALqxPHAnrVfDwJ2CMfaHkG5OO80IukhXIjJ18oaSMN.jpg,tmpout/14_33pszwHtALqxPHAnrVfDwJ2CMfaHkG5OO80IukhXIjJ18oaSMN.jpg.jpg,,,
http://development.persist.signzy.tech/api/files/388828/download-bypass/WZiqRYBzy2pCaB1bLH023J7zookbyMcJhpN1tc50T1ODZb5gC4.jpg,tmpout/15_WZiqRYBzy2pCaB1bLH023J7zookbyMcJhpN1tc50T1ODZb5gC4.jpg.jpg,,,
http://development.persist.signzy.tech/api/files/388829/download-bypass/LIxzgs0ZwC3Pgh9ZTtRly4OZCfX6XuqJkdC8G6NGE5PMHVsRU9.jpg,tmpout/16_LIxzgs0ZwC3Pgh9ZTtRly4OZCfX6XuqJkdC8G6NGE5PMHVsRU9.jpg.jpg,,,
http://development.persist.signzy.tech/api/files/388826/download-bypass/cktDqCWJIoC2CChwJp2YQD9JhcPyUjbHKrEfxCkIMhglw267PI.jpg,tmpout/17_cktDqCWJIoC2CChwJp2YQD9JhcPyUjbHKrEfxCkIMhglw267PI.jpg.jpg,,,
http://development.persist.signzy.tech/api/files/388830/download-bypass/QPBxuxs3e4u7HkLly85frI9l757btL29c1L6q0xMjIk6NjIE7W.jpg,tmpout/18_QPBxuxs3e4u7HkLly85frI9l757btL29c1L6q0xMjIk6NjIE7W.jpg.jpg,,,
http://development.persist.signzy.tech/api/files/388832/download-bypass/ZD9z3wgF9xU16VSS1HN07BiLmL2ayYjIr1JhNk4nxyXrS6WWGx.jpg,tmpout/19_ZD9z3wgF9xU16VSS1HN07BiLmL2ayYjIr1JhNk4nxyXrS6WWGx.jpg.jpg,,,
http://development.persist.signzy.tech/api/files/388833/download-bypass/PFhXrZHSPERE2xhAtt3l36V5uxIVY7GsyPcwfciSgzjzZCgQKL.jpg,tmpout/20_PFhXrZHSPERE2xhAtt3l36V5uxIVY7GsyPcwfciSgzjzZCgQKL.jpg.jpg,1,,
http://development.persist.signzy.tech/api/files/388831/download-bypass/Gvn5Hkw19Vi8ekZZGBkyzz0VQeeIhHkMGxihcBPdVv6ZpxHZcv.jpg,tmpout/21_Gvn5Hkw19Vi8ekZZGBkyzz0VQeeIhHkMGxihcBPdVv6ZpxHZcv.jpg.jpg,,,
http://development.persist.signzy.tech/api/files/388834/download-bypass/H1sEx5gXzm2UVLeVXKKw8XGBXSEdvmxcmbC5HWJhuYnlDbOweM.jpg,tmpout/22_H1sEx5gXzm2UVLeVXKKw8XGBXSEdvmxcmbC5HWJhuYnlDbOweM.jpg.jpg,,,
http://development.persist.signzy.tech/api/files/388836/download-bypass/9Q28ppbZFqtaGMthw4g1EskVavdCL22465YKA4rFmkKHZiMJ93.jpg,tmpout/23_9Q28ppbZFqtaGMthw4g1EskVavdCL22465YKA4rFmkKHZiMJ93.jpg.jpg,,,
http://development.persist.signzy.tech/api/files/388837/download-bypass/Ujxj1zFerxCunCL3UFjmYuDFa5t8fyFS5h62FtXrzOupKFRRvC.jpg,tmpout/24_Ujxj1zFerxCunCL3UFjmYuDFa5t8fyFS5h62FtXrzOupKFRRvC.jpg.jpg,,,
http://development.persist.signzy.tech/api/files/388835/download-bypass/AIASg2KjPm5yeMDgramQGJmzXYza2IIVfnBuKEtn98pK3NfYt5.jpg,tmpout/25_AIASg2KjPm5yeMDgramQGJmzXYza2IIVfnBuKEtn98pK3NfYt5.jpg.jpg,,,
http://development.persist.signzy.tech/api/files/388839/download-bypass/xy5esqX9IqU6IobAoz33XKfaT58hpLYz4eBL8Pa9Rv7MFrhlYG.jpg,tmpout/26_xy5esqX9IqU6IobAoz33XKfaT58hpLYz4eBL8Pa9Rv7MFrhlYG.jpg.jpg,,,
http://development.persist.signzy.tech/api/files/388838/download-bypass/kpY8ZDGIEAofkXd71rTtIJAChhdjzo1VQQU2lHa2T35AYSwRXV.jpg,tmpout/27_kpY8ZDGIEAofkXd71rTtIJAChhdjzo1VQQU2lHa2T35AYSwRXV.jpg.jpg,,,
http://development.persist.signzy.tech/api/files/388841/download-bypass/eEU098FAYy4eGffVn3zJqKQdS5GiQgIlvtv0MkPfkVbvwwdpJ4.jpg,tmpout/28_eEU098FAYy4eGffVn3zJqKQdS5GiQgIlvtv0MkPfkVbvwwdpJ4.jpg.jpg,,,
http://development.persist.signzy.tech/api/files/388842/download-bypass/atxewlol7JHtUJwFOS7hVmI04bcGTtLDtgAdA6wjarHLO0Hhbb.jpg,tmpout/29_atxewlol7JHtUJwFOS7hVmI04bcGTtLDtgAdA6wjarHLO0Hhbb.jpg.jpg,,,
http://development.persist.signzy.tech/api/files/388843/download-bypass/zSRNg0GmAITDnauxgJLro07noI1zkGC039qAnpL19A21ER1WFx.jpg,tmpout/30_zSRNg0GmAITDnauxgJLro07noI1zkGC039qAnpL19A21ER1WFx.jpg.jpg,,,
http://development.persist.signzy.tech/api/files/388844/download-bypass/6cSTvhRUIi0Y5EVKwE18eB0YaVerZpEYoExapgQNSsTpN8N1U1.jpg,tmpout/31_6cSTvhRUIi0Y5EVKwE18eB0YaVerZpEYoExapgQNSsTpN8N1U1.jpg.jpg,,,
http://development.persist.signzy.tech/api/files/388840/download-bypass/0bPNIlqSvIhQoDmaKA4eZ2EEZaswkdVas28ySYqA2qJDsZXsjb.jpg,tmpout/32_0bPNIlqSvIhQoDmaKA4eZ2EEZaswkdVas28ySYqA2qJDsZXsjb.jpg.jpg,,,
http://development.persist.signzy.tech/api/files/388845/download-bypass/MW1dcGpIKKHIpqlKxfpBjrSGk5QOQ8nr6WJHFTLeGnrTL5eefm.jpg,tmpout/33_MW1dcGpIKKHIpqlKxfpBjrSGk5QOQ8nr6WJHFTLeGnrTL5eefm.jpg.jpg,,,
http://development.persist.signzy.tech/api/files/388847/download-bypass/ODTXwNek8CyWXukVd8msi5ncJkpSqeskklJq2mVkTEnPuOLQpT.jpg,tmpout/34_ODTXwNek8CyWXukVd8msi5ncJkpSqeskklJq2mVkTEnPuOLQpT.jpg.jpg,,,
http://development.persist.signzy.tech/api/files/388848/download-bypass/um39T5TYzYmfFjgef0spt60y0KuWMtsjUJbf86mC0gslZauRVj.jpg,tmpout/35_um39T5TYzYmfFjgef0spt60y0KuWMtsjUJbf86mC0gslZauRVj.jpg.jpg,,,
http://development.persist.signzy.tech/api/files/388849/download-bypass/EsrqdQpwz9TN1fxJJD9iidcYZsGvjCzjSlgkvfWWmOxoFAy9R3.jpg,tmpout/36_EsrqdQpwz9TN1fxJJD9iidcYZsGvjCzjSlgkvfWWmOxoFAy9R3.jpg.jpg,,,
http://development.persist.signzy.tech/api/files/388850/download-bypass/ZLQe6MZQI3tr2AL9pMRys3j6uCaHpdp2fAo9Sri4YaZnu72uXd.jpg,tmpout/37_ZLQe6MZQI3tr2AL9pMRys3j6uCaHpdp2fAo9Sri4YaZnu72uXd.jpg.jpg,,,
http://development.persist.signzy.tech/api/files/388851/download-bypass/QDjIqb2h2NyMglz0kDKlDHY6d1x6fIdUm8MdW6KxsR6MCMXgaP.jpg,tmpout/38_QDjIqb2h2NyMglz0kDKlDHY6d1x6fIdUm8MdW6KxsR6MCMXgaP.jpg.jpg,,,
http://development.persist.signzy.tech/api/files/388852/download-bypass/Mwdce4jMCsA13kKwvP5xjkcrwStqr1sWvKPDGP7zxljpfcDjTP.jpg,tmpout/39_Mwdce4jMCsA13kKwvP5xjkcrwStqr1sWvKPDGP7zxljpfcDjTP.jpg.jpg,,,
http://development.persist.signzy.tech/api/files/388855/download-bypass/vU6MJQisoIB0IWWCswi5Pk8nRg2tkmS3sye40WMiZt5B4YImnQ.jpg,tmpout/40_vU6MJQisoIB0IWWCswi5Pk8nRg2tkmS3sye40WMiZt5B4YImnQ.jpg.jpg,,,
http://development.persist.signzy.tech/api/files/388856/download-bypass/AqBIxM82WhrHQGj2Grkrvu5AKFuU118WWoBrIIv9DbYYYf6YgZ.jpg,tmpout/41_AqBIxM82WhrHQGj2Grkrvu5AKFuU118WWoBrIIv9DbYYYf6YgZ.jpg.jpg,,,
http://development.persist.signzy.tech/api/files/388857/download-bypass/hxjJtObzFZJM2VcKUuRUfGFFnMsKJpGccFc6Bme6MPUxcNhKSf.jpg,tmpout/42_hxjJtObzFZJM2VcKUuRUfGFFnMsKJpGccFc6Bme6MPUxcNhKSf.jpg.jpg,,,
http://development.persist.signzy.tech/api/files/388858/download-bypass/8Idud6EbmjkK20jIXBIgTxEN0abLA7UAbTkTNzVCwA3LmHnZfI.jpg,tmpout/43_8Idud6EbmjkK20jIXBIgTxEN0abLA7UAbTkTNzVCwA3LmHnZfI.jpg.jpg,,,
http://development.persist.signzy.tech/api/files/388859/download-bypass/kolfLwTv017PBF6Bs2405BOOIdnakdTHBxmCBbFbBHpuPTmUVG.jpg,tmpout/44_kolfLwTv017PBF6Bs2405BOOIdnakdTHBxmCBbFbBHpuPTmUVG.jpg.jpg,,,
http://development.persist.signzy.tech/api/files/388860/download-bypass/CFPT11EJX2h0HyYuXtmaSaLE8YcKrUTRRL05F54zIssAweXyZj.jpg,tmpout/45_CFPT11EJX2h0HyYuXtmaSaLE8YcKrUTRRL05F54zIssAweXyZj.jpg.jpg,,,
http://development.persist.signzy.tech/api/files/388861/download-bypass/wrzrJuX1H6WUhiy6qnYpQyp9WWnqVMH69XlX6c7axP4UZ1bYhf.jpg,tmpout/46_wrzrJuX1H6WUhiy6qnYpQyp9WWnqVMH69XlX6c7axP4UZ1bYhf.jpg.jpg,,,
http://development.persist.signzy.tech/api/files/388862/download-bypass/b3xXAeslmredRBsEZVjxOW54KCNd7m92BgxIGxeXEL2yxFo7ci.jpg,tmpout/47_b3xXAeslmredRBsEZVjxOW54KCNd7m92BgxIGxeXEL2yxFo7ci.jpg.jpg,,,
http://development.persist.signzy.tech/api/files/388863/download-bypass/rsLvAT3dy7ESFlAU71gZyxIYL5CPK6Kqn5mIBG9W2lgVwY7S81.jpg,tmpout/48_rsLvAT3dy7ESFlAU71gZyxIYL5CPK6Kqn5mIBG9W2lgVwY7S81.jpg.jpg,,,
http://development.persist.signzy.tech/api/files/388864/download-bypass/RC5dMZ49kSSrK03ghCgCfm1R93cWjemLgxcve0forPQLl85JOD.jpg,tmpout/49_RC5dMZ49kSSrK03ghCgCfm1R93cWjemLgxcve0forPQLl85JOD.jpg.jpg,,,
http://development.persist.signzy.tech/api/files/388866/download-bypass/Gi8gHcf9e7ZoZedjOjuTxKSBvdNypW2xlFA3DKfISDw5XORELv.jpg,tmpout/50_Gi8gHcf9e7ZoZedjOjuTxKSBvdNypW2xlFA3DKfISDw5XORELv.jpg.jpg,,,
http://development.persist.signzy.tech/api/files/388867/download-bypass/8yXwiOYtf95oQTjitaBcYN8zv12s9X5bjBqS58XX2rHTDUicYS.jpg,tmpout/51_8yXwiOYtf95oQTjitaBcYN8zv12s9X5bjBqS58XX2rHTDUicYS.jpg.jpg,,,
http://development.persist.signzy.tech/api/files/388868/download-bypass/tcncENavouPhnDjPVg5ePi7d0WgI31lGhQENqIPNVBhrIEOku6.jpg,tmpout/52_tcncENavouPhnDjPVg5ePi7d0WgI31lGhQENqIPNVBhrIEOku6.jpg.jpg,,,
http://development.persist.signzy.tech/api/files/388869/download-bypass/Veexz0FX8NPtTp7B8PKjAqG1FJbQgasogC1W6efIgcOgTgmjNG.jpg,tmpout/53_Veexz0FX8NPtTp7B8PKjAqG1FJbQgasogC1W6efIgcOgTgmjNG.jpg.jpg,,,
http://development.persist.signzy.tech/api/files/388870/download-bypass/RmNpknLky8Yal6dYE1xm5LwDHxAyvTTjbRoC2i6kkM1AGUOOP9.jpg,tmpout/54_RmNpknLky8Yal6dYE1xm5LwDHxAyvTTjbRoC2i6kkM1AGUOOP9.jpg.jpg,,,
http://development.persist.signzy.tech/api/files/388872/download-bypass/7xtLrHonbW1aapzmuD4P8JhJ1yqSs0D8RVU4qgzHtHZ8RsxrH5.jpg,tmpout/55_7xtLrHonbW1aapzmuD4P8JhJ1yqSs0D8RVU4qgzHtHZ8RsxrH5.jpg.jpg,1,,
http://development.persist.signzy.tech/api/files/388874/download-bypass/WKBMAydcmNzcuuJhG2R9PxFit7owsVoz6sZKmExSPE7VUgxvnp.jpg,tmpout/56_WKBMAydcmNzcuuJhG2R9PxFit7owsVoz6sZKmExSPE7VUgxvnp.jpg.jpg,,,
http://development.persist.signzy.tech/api/files/388875/download-bypass/GwZup60wEHqa8geEiWCo4CleRcSI58nzPSuP6OzB28HTfTQ5Xb.jpg,tmpout/57_GwZup60wEHqa8geEiWCo4CleRcSI58nzPSuP6OzB28HTfTQ5Xb.jpg.jpg,,,
http://development.persist.signzy.tech/api/files/388871/download-bypass/gyUkitJMjUfPKZcK1ogz83sWy2mr9fSnFVsb25bTzfvjaDb8dX.jpg,tmpout/58_gyUkitJMjUfPKZcK1ogz83sWy2mr9fSnFVsb25bTzfvjaDb8dX.jpg.jpg,,,
http://development.persist.signzy.tech/api/files/388877/download-bypass/GYqKRd2QH6Vpsf6watwWLftUTKc7jt05ANO0QLlgHHPVLt5Uza.jpg,tmpout/59_GYqKRd2QH6Vpsf6watwWLftUTKc7jt05ANO0QLlgHHPVLt5Uza.jpg.jpg,,,
http://development.persist.signzy.tech/api/files/388878/download-bypass/lZ8aYh7nbHwfIZEnuERItrW1EMng1nxRz9ykNYTABslKsW7ORU.jpg,tmpout/60_lZ8aYh7nbHwfIZEnuERItrW1EMng1nxRz9ykNYTABslKsW7ORU.jpg.jpg,,,
http://development.persist.signzy.tech/api/files/388879/download-bypass/TY4p3Z8Ed6XP0HzL8KMPBVEiG79r7USxlu8jqwM9bcU7JY3JOV.jpg,tmpout/61_TY4p3Z8Ed6XP0HzL8KMPBVEiG79r7USxlu8jqwM9bcU7JY3JOV.jpg.jpg,,,
http://development.persist.signzy.tech/api/files/388880/download-bypass/58QoaA1rJ5nNJfItZqV5HCnWnQSmaKiyg4koVFXvLMeENzwXyz.jpg,tmpout/62_58QoaA1rJ5nNJfItZqV5HCnWnQSmaKiyg4koVFXvLMeENzwXyz.jpg.jpg,,,
http://development.persist.signzy.tech/api/files/388881/download-bypass/PXqrkWuItPjE9YQ6Nnd4FWCkpzkfYndoE5R8UuTDrS9iTE4hBI.jpg,tmpout/63_PXqrkWuItPjE9YQ6Nnd4FWCkpzkfYndoE5R8UuTDrS9iTE4hBI.jpg.jpg,,,
http://development.persist.signzy.tech/api/files/388882/download-bypass/9hYsEPdBWwQCdfHdOHZ5cIZMt1hf58CzwrC9W1yvigg1cM7zbB.jpg,tmpout/64_9hYsEPdBWwQCdfHdOHZ5cIZMt1hf58CzwrC9W1yvigg1cM7zbB.jpg.jpg,,,
http://development.persist.signzy.tech/api/files/388883/download-bypass/hbrlVw1aCfLIl17JyCJnH42rdLTJlmNH1Q04lTI4ZWVxrALVdk.jpg,tmpout/65_hbrlVw1aCfLIl17JyCJnH42rdLTJlmNH1Q04lTI4ZWVxrALVdk.jpg.jpg,,,
http://development.persist.signzy.tech/api/files/388884/download-bypass/bD98ZCCbpw1atzolkFtuABvgS4MghfAKN13uSDGN0UWneNfwHo.jpg,tmpout/66_bD98ZCCbpw1atzolkFtuABvgS4MghfAKN13uSDGN0UWneNfwHo.jpg.jpg,,,
http://development.persist.signzy.tech/api/files/388885/download-bypass/Fdq2a6wtSI8NrH4PHzdDvbwCK3O0LY8zYLnXyu2OxRGQP40r0D.jpg,tmpout/67_Fdq2a6wtSI8NrH4PHzdDvbwCK3O0LY8zYLnXyu2OxRGQP40r0D.jpg.jpg,,,
http://development.persist.signzy.tech/api/files/388886/download-bypass/k6FVL92nRjGi0h1FIekfKI8TpDIbU0valOQCHW9SkOmGUiyHcL.jpg,tmpout/68_k6FVL92nRjGi0h1FIekfKI8TpDIbU0valOQCHW9SkOmGUiyHcL.jpg.jpg,,,
http://development.persist.signzy.tech/api/files/388887/download-bypass/3ss3Jx2rq3QI3730K11X0OLihu2JtYD0VKFpP8kRJhcfcgO7hZ.jpg,tmpout/69_3ss3Jx2rq3QI3730K11X0OLihu2JtYD0VKFpP8kRJhcfcgO7hZ.jpg.jpg,,,
http://development.persist.signzy.tech/api/files/388889/download-bypass/P5Q0AxyzvBhPZ9IquVhrfC6Gyx72p4VORgTrDDJnqzRIoZKPra.jpg,tmpout/70_P5Q0AxyzvBhPZ9IquVhrfC6Gyx72p4VORgTrDDJnqzRIoZKPra.jpg.jpg,,,
http://development.persist.signzy.tech/api/files/388888/download-bypass/RbWj0OV2Wl5aTN7NgxFuvHGchdZ1hJFpmUHA2XdkCKq5lRG7hb.jpg,tmpout/71_RbWj0OV2Wl5aTN7NgxFuvHGchdZ1hJFpmUHA2XdkCKq5lRG7hb.jpg.jpg,,,
http://development.persist.signzy.tech/api/files/388891/download-bypass/kXfRUTUXH2UzbeKdfq8C1x7ZTvWXhGKXohQQe3raJr7zL4AYqq.jpg,tmpout/72_kXfRUTUXH2UzbeKdfq8C1x7ZTvWXhGKXohQQe3raJr7zL4AYqq.jpg.jpg,1,,
http://development.persist.signzy.tech/api/files/388893/download-bypass/C4vK5dbIdQza0WZA6yCN4OrOdEsBTNZt2gk0tijiqt3AHjONVR.jpg,tmpout/73_C4vK5dbIdQza0WZA6yCN4OrOdEsBTNZt2gk0tijiqt3AHjONVR.jpg.jpg,,,
http://development.persist.signzy.tech/api/files/388892/download-bypass/2wTIpL4rModp2Tdnytc7msB7MKDlgHESmcwcFAYTVs4BE93t5I.jpg,tmpout/74_2wTIpL4rModp2Tdnytc7msB7MKDlgHESmcwcFAYTVs4BE93t5I.jpg.jpg,1,,
http://development.persist.signzy.tech/api/files/388890/download-bypass/z5BGx17uIJFNW6JrnRrkOLfUTR6hKPJy4HDK1xwp0USExwMi9M.jpg,tmpout/75_z5BGx17uIJFNW6JrnRrkOLfUTR6hKPJy4HDK1xwp0USExwMi9M.jpg.jpg,,,
http://development.persist.signzy.tech/api/files/388894/download-bypass/4c3NhZCBgGjXE9PaCpg0XBmbxUAoR1qzIQMBKv4YYip0fjRsGf.jpg,tmpout/76_4c3NhZCBgGjXE9PaCpg0XBmbxUAoR1qzIQMBKv4YYip0fjRsGf.jpg.jpg,,,
http://development.persist.signzy.tech/api/files/388895/download-bypass/wNo19PQZFs8iFQpbEvQnTPASvsAKqUjKAIX7iVfzgiS2JFOB4f.jpg,tmpout/77_wNo19PQZFs8iFQpbEvQnTPASvsAKqUjKAIX7iVfzgiS2JFOB4f.jpg.jpg,,,
http://development.persist.signzy.tech/api/files/388897/download-bypass/ZIdAV6etxSrjDaGtCztVNIFzzDV0KvGoWREKMWOcFfJ5JDE8KK.jpg,tmpout/78_ZIdAV6etxSrjDaGtCztVNIFzzDV0KvGoWREKMWOcFfJ5JDE8KK.jpg.jpg,,,
http://development.persist.signzy.tech/api/files/388899/download-bypass/t5pwf6vrH1kxIhASlrDr3MIgsPmMRonbNS5TJopAqYqFB72MWQ.jpg,tmpout/79_t5pwf6vrH1kxIhASlrDr3MIgsPmMRonbNS5TJopAqYqFB72MWQ.jpg.jpg,,,
http://development.persist.signzy.tech/api/files/388900/download-bypass/OrIgefc4W65iK9QzvT5fLRtkOQc5ToXOL4OvxVVLggX32rEt8I.jpg,tmpout/80_OrIgefc4W65iK9QzvT5fLRtkOQc5ToXOL4OvxVVLggX32rEt8I.jpg.jpg,,,
http://development.persist.signzy.tech/api/files/388898/download-bypass/d62guk4FLvOCzrS5bDSTokzTXr8dTPGPPzg0T54P4cjHDHoGkD.jpg,tmpout/81_d62guk4FLvOCzrS5bDSTokzTXr8dTPGPPzg0T54P4cjHDHoGkD.jpg.jpg,,,
http://development.persist.signzy.tech/api/files/388901/download-bypass/HDVXikS4XRda9AATLP4ZSTAO1LHaDrfL17NUlU6ZVqfpWu4da4.jpg,tmpout/82_HDVXikS4XRda9AATLP4ZSTAO1LHaDrfL17NUlU6ZVqfpWu4da4.jpg.jpg,,,
http://development.persist.signzy.tech/api/files/388902/download-bypass/in3WjCfN9QPoGaEsikUwKFGDLdfjPkwx2yWAsHznARC9QMxG0k.jpg,tmpout/83_in3WjCfN9QPoGaEsikUwKFGDLdfjPkwx2yWAsHznARC9QMxG0k.jpg.jpg,,,
http://development.persist.signzy.tech/api/files/388903/download-bypass/8h8883g8eG8PpJZxTJvCWLJqknD4EuCBXCpZjsJv49rggD9l8h.jpg,tmpout/84_8h8883g8eG8PpJZxTJvCWLJqknD4EuCBXCpZjsJv49rggD9l8h.jpg.jpg,,,
http://development.persist.signzy.tech/api/files/388904/download-bypass/iVqXd1PqYSBMz6ZZaIS4grmoowsfG8fG7hNiZfrK7Vqpxuk1Vy.jpg,tmpout/85_iVqXd1PqYSBMz6ZZaIS4grmoowsfG8fG7hNiZfrK7Vqpxuk1Vy.jpg.jpg,,,
http://development.persist.signzy.tech/api/files/388905/download-bypass/HG2o8G1OxPOEjCdpKGJtdZ7gt92Xaeco6AoIhy7Engnc6F3aCw.jpg,tmpout/86_HG2o8G1OxPOEjCdpKGJtdZ7gt92Xaeco6AoIhy7Engnc6F3aCw.jpg.jpg,,,
http://development.persist.signzy.tech/api/files/388907/download-bypass/P5KD5EpKWeuWqbowZnEObmUqmrvPiz2QPBPd0urcCacKUA0Eso.jpg,tmpout/87_P5KD5EpKWeuWqbowZnEObmUqmrvPiz2QPBPd0urcCacKUA0Eso.jpg.jpg,,,
http://development.persist.signzy.tech/api/files/388908/download-bypass/vpHRQESXaIQMsnVGzCCtuZPJhj3nIW8wHhrivQB9y7PI1Rap3k.jpg,tmpout/88_vpHRQESXaIQMsnVGzCCtuZPJhj3nIW8wHhrivQB9y7PI1Rap3k.jpg.jpg,,,
http://development.persist.signzy.tech/api/files/388906/download-bypass/QXBAqGkuq3skhP9XDxBicXCjtEEZvAiAk4LkqunmBfQpRWLdR1.jpg,tmpout/89_QXBAqGkuq3skhP9XDxBicXCjtEEZvAiAk4LkqunmBfQpRWLdR1.jpg.jpg,,,
http://development.persist.signzy.tech/api/files/388909/download-bypass/dfxv1SP9xWp6IJNbUTj7phGr8b5pQTO3GmFq8ObwmwITWArqOz.jpg,tmpout/90_dfxv1SP9xWp6IJNbUTj7phGr8b5pQTO3GmFq8ObwmwITWArqOz.jpg.jpg,,,
http://development.persist.signzy.tech/api/files/388910/download-bypass/2LdshEOVT8vSleIXViv3tgDXrVhh63XVWDVBfRECq5DjfB9hSN.jpg,tmpout/91_2LdshEOVT8vSleIXViv3tgDXrVhh63XVWDVBfRECq5DjfB9hSN.jpg.jpg,,,
http://development.persist.signzy.tech/api/files/388911/download-bypass/lRxInbCbiLnH5FfdRzdMBQYykJhKSgnzQ0JarH0Uwxoe1Le4lX.jpg,tmpout/92_lRxInbCbiLnH5FfdRzdMBQYykJhKSgnzQ0JarH0Uwxoe1Le4lX.jpg.jpg,,,
http://development.persist.signzy.tech/api/files/388912/download-bypass/Wjdwxnnp2lqvjlYod0sw6nW4RlAlWxLWeuhSdsugsiGL2iqwpI.jpg,tmpout/93_Wjdwxnnp2lqvjlYod0sw6nW4RlAlWxLWeuhSdsugsiGL2iqwpI.jpg.jpg,,,
http://development.persist.signzy.tech/api/files/388913/download-bypass/V6iazMsKIjKDsjlP6VouOL29EVTDsjGKSiaMtsnxDtiW7fjoFs.jpg,tmpout/94_V6iazMsKIjKDsjlP6VouOL29EVTDsjGKSiaMtsnxDtiW7fjoFs.jpg.jpg,1,,
http://development.persist.signzy.tech/api/files/388914/download-bypass/CToYUWkapyDu0LLhGKKyBtBekIJDHIxVX6lEvQ9LwpRwFsogGg.jpg,tmpout/95_CToYUWkapyDu0LLhGKKyBtBekIJDHIxVX6lEvQ9LwpRwFsogGg.jpg.jpg,,,
http://development.persist.signzy.tech/api/files/388915/download-bypass/b7WVBJPZ0YxhClqi809XGfCPun92HoDRUvW2cdMrgfiQpH28Rx.jpg,tmpout/96_b7WVBJPZ0YxhClqi809XGfCPun92HoDRUvW2cdMrgfiQpH28Rx.jpg.jpg,1,,
http://development.persist.signzy.tech/api/files/388916/download-bypass/hIqyu6UI9aFDTQncjIZenfU14a1UsCSTIqgpuzdXNgDKqVd0xm.jpg,tmpout/97_hIqyu6UI9aFDTQncjIZenfU14a1UsCSTIqgpuzdXNgDKqVd0xm.jpg.jpg,,,
http://development.persist.signzy.tech/api/files/388917/download-bypass/oBS3bUW2iCiDGjWZ1N9IIipD4BzyLTZG7CF1ptOcCmTSGsUVtg.jpg,tmpout/98_oBS3bUW2iCiDGjWZ1N9IIipD4BzyLTZG7CF1ptOcCmTSGsUVtg.jpg.jpg,,,
http://development.persist.signzy.tech/api/files/388918/download-bypass/bPY8IbEwBHPD0R7ZrPSqPlBRZhLWU3mk5UFgE7OFm3vvIdSDSn.jpg,tmpout/99_bPY8IbEwBHPD0R7ZrPSqPlBRZhLWU3mk5UFgE7OFm3vvIdSDSn.jpg.jpg,,,
http://development.persist.signzy.tech/api/files/388919/download-bypass/YeNhS79DfXnm3nUSnQ91NOmdk9DuJJ6tCVssdbIc8x5LqkhXCo.jpg,tmpout/100_YeNhS79DfXnm3nUSnQ91NOmdk9DuJJ6tCVssdbIc8x5LqkhXCo.jpg.jpg,,,
http://development.persist.signzy.tech/api/files/388920/download-bypass/niabEM2fbojtoFZidZI5iJqs7Gb7uzvNZEOgzRG7r9UWrU4ACX.jpg,tmpout/101_niabEM2fbojtoFZidZI5iJqs7Gb7uzvNZEOgzRG7r9UWrU4ACX.jpg.jpg,,,
http://development.persist.signzy.tech/api/files/388922/download-bypass/w8lKdaZPsO4fmhiK5nOVPemgpLaJtrFyCABR1DtoltGnAghmvc.jpg,tmpout/102_w8lKdaZPsO4fmhiK5nOVPemgpLaJtrFyCABR1DtoltGnAghmvc.jpg.jpg,,,
http://development.persist.signzy.tech/api/files/388924/download-bypass/yl0PraVbBbnzBNxKjroES8hUq8DRRNiNP1pqNopf2xV0x9KJZL.jpg,tmpout/103_yl0PraVbBbnzBNxKjroES8hUq8DRRNiNP1pqNopf2xV0x9KJZL.jpg.jpg,,,
http://development.persist.signzy.tech/api/files/388925/download-bypass/DXioNBI6DaLHhbUuZGH0W8Ckn1X2qXblz9LeR18i52yDqgMiUr.jpg,tmpout/104_DXioNBI6DaLHhbUuZGH0W8Ckn1X2qXblz9LeR18i52yDqgMiUr.jpg.jpg,,,
http://development.persist.signzy.tech/api/files/388921/download-bypass/csGALgOVjhRivdq13Umr8qBCs9LtgQay85jrLv4rbQkElcqph4.jpg,tmpout/105_csGALgOVjhRivdq13Umr8qBCs9LtgQay85jrLv4rbQkElcqph4.jpg.jpg,1,,
http://development.persist.signzy.tech/api/files/388926/download-bypass/jbdxcZhovIj6paWNvJFnjpewKZM1kP4LHyi2tYKDxi0k7xDLxI.jpg,tmpout/106_jbdxcZhovIj6paWNvJFnjpewKZM1kP4LHyi2tYKDxi0k7xDLxI.jpg.jpg,,,
http://development.persist.signzy.tech/api/files/388927/download-bypass/Nif6eLGNGn8CJyG4teHat8dbuF56BSgTqHlmE5EklsNej8Ji78.jpg,tmpout/107_Nif6eLGNGn8CJyG4teHat8dbuF56BSgTqHlmE5EklsNej8Ji78.jpg.jpg,,,
http://development.persist.signzy.tech/api/files/388923/download-bypass/MeZGECGMQcMOvMvJgHGdsdgyc3oKeLrnHrzmhGCV41QE6Y8SCi.jpg,tmpout/108_MeZGECGMQcMOvMvJgHGdsdgyc3oKeLrnHrzmhGCV41QE6Y8SCi.jpg.jpg,,,
http://development.persist.signzy.tech/api/files/388928/download-bypass/LarWfPX6LvbolfKN8qu8txyaJEA1ocO8Whv07bw8Ep45kA8uWo.jpg,tmpout/109_LarWfPX6LvbolfKN8qu8txyaJEA1ocO8Whv07bw8Ep45kA8uWo.jpg.jpg,,,
http://development.persist.signzy.tech/api/files/388930/download-bypass/qyeIdkjUnCklShUzcN4A3MCfqOYVyCVkdqkJRDN3Qz5bL8jtrc.jpg,tmpout/110_qyeIdkjUnCklShUzcN4A3MCfqOYVyCVkdqkJRDN3Qz5bL8jtrc.jpg.jpg,,,
http://development.persist.signzy.tech/api/files/388929/download-bypass/czVnVrnJWhOwMGtzFlZJgwyEEYtwHY4pjeOOWWqouy6rf9PVbf.jpg,tmpout/111_czVnVrnJWhOwMGtzFlZJgwyEEYtwHY4pjeOOWWqouy6rf9PVbf.jpg.jpg,,1,
http://development.persist.signzy.tech/api/files/388931/download-bypass/6dQ1VLQtyWWaW8OqfAAzDsUSyBUq0HkOP4Gy0EiXYF2EDYxxst.jpg,tmpout/112_6dQ1VLQtyWWaW8OqfAAzDsUSyBUq0HkOP4Gy0EiXYF2EDYxxst.jpg.jpg,,1,
http://development.persist.signzy.tech/api/files/388932/download-bypass/4OucmSohU00GI6W7Gl4u5HNyJT7vFIDSwngd1fdNDRDOLakxfU.jpg,tmpout/113_4OucmSohU00GI6W7Gl4u5HNyJT7vFIDSwngd1fdNDRDOLakxfU.jpg.jpg,,,
http://development.persist.signzy.tech/api/files/388934/download-bypass/vxjnHBholaYwvxRopTD8takJqGJnzYIkgyvYFF5R8CqPz5XZct.jpg,tmpout/114_vxjnHBholaYwvxRopTD8takJqGJnzYIkgyvYFF5R8CqPz5XZct.jpg.jpg,,,
http://development.persist.signzy.tech/api/files/388933/download-bypass/98R98elgFHF3c9H6i8QUMlxRThbNXWOKDiRRmoxcP69ihsCF34.jpg,tmpout/115_98R98elgFHF3c9H6i8QUMlxRThbNXWOKDiRRmoxcP69ihsCF34.jpg.jpg,,,
http://development.persist.signzy.tech/api/files/388935/download-bypass/tGLqTpQXq0GeOy5AyV5qGjEftIsYgiS9WuuxQnfYUe2A8iNJBL.jpg,tmpout/116_tGLqTpQXq0GeOy5AyV5qGjEftIsYgiS9WuuxQnfYUe2A8iNJBL.jpg.jpg,,,
http://development.persist.signzy.tech/api/files/388936/download-bypass/g5Jbrz0nXt4ISMIeat4YiAybUlnhV1ypjUo31Ck2V8OC7Ih7GE.jpg,tmpout/117_g5Jbrz0nXt4ISMIeat4YiAybUlnhV1ypjUo31Ck2V8OC7Ih7GE.jpg.jpg,,,
http://development.persist.signzy.tech/api/files/388937/download-bypass/FlrnM2XZUPYD43UtNiMfiwIDNEmg6ZUibA2ettBduYAcdGbaMx.jpg,tmpout/118_FlrnM2XZUPYD43UtNiMfiwIDNEmg6ZUibA2ettBduYAcdGbaMx.jpg.jpg,,,
http://development.persist.signzy.tech/api/files/388938/download-bypass/1k2e04aHjVnXYsmleUA1K48fp6xg51sKFTMtYRQ4dEB88pXUWz.jpg,tmpout/119_1k2e04aHjVnXYsmleUA1K48fp6xg51sKFTMtYRQ4dEB88pXUWz.jpg.jpg,,,
http://development.persist.signzy.tech/api/files/388939/download-bypass/zpIiMS9fGF91ACAgz05rLVKTw0OLZQuJ108ttZD0rizu2tDRli.jpg,tmpout/120_zpIiMS9fGF91ACAgz05rLVKTw0OLZQuJ108ttZD0rizu2tDRli.jpg.jpg,,,
http://development.persist.signzy.tech/api/files/388940/download-bypass/rGvpVIrHfCPZfplBFHqbR5mlEQdRNWvYG2BQ90xiKClnc4J8fo.jpg,tmpout/121_rGvpVIrHfCPZfplBFHqbR5mlEQdRNWvYG2BQ90xiKClnc4J8fo.jpg.jpg,,,
http://development.persist.signzy.tech/api/files/388942/download-bypass/Fj4Lrz4i3Qq2AqHLjiv8tuU14zOak1mqNENsF5h6rsF6NZ3irH.jpg,tmpout/122_Fj4Lrz4i3Qq2AqHLjiv8tuU14zOak1mqNENsF5h6rsF6NZ3irH.jpg.jpg,,,
http://development.persist.signzy.tech/api/files/388943/download-bypass/KFx5BkRwh9u4w6XjfYcqkQskMXHnjWFRhpcDm5mAnNllkO1gHD.jpg,tmpout/123_KFx5BkRwh9u4w6XjfYcqkQskMXHnjWFRhpcDm5mAnNllkO1gHD.jpg.jpg,,,
http://development.persist.signzy.tech/api/files/388944/download-bypass/ibIRtGzpuaX8DYtgtd9SgM5uU59C1Azp7WhXbnUQUsQlM3gfaZ.jpg,tmpout/124_ibIRtGzpuaX8DYtgtd9SgM5uU59C1Azp7WhXbnUQUsQlM3gfaZ.jpg.jpg,,,
http://development.persist.signzy.tech/api/files/388945/download-bypass/B0lBewKrAhbP5ZyLzIvzcCMp4NjzCs0DQuH0MikFkJ9lmaOavc.jpg,tmpout/125_B0lBewKrAhbP5ZyLzIvzcCMp4NjzCs0DQuH0MikFkJ9lmaOavc.jpg.jpg,,,
http://development.persist.signzy.tech/api/files/388946/download-bypass/MTVnAvGKKmlXK7YvxJ7MwP3Rgd4LAh8nZhbwYY3QGlrRedtDM3.jpg,tmpout/126_MTVnAvGKKmlXK7YvxJ7MwP3Rgd4LAh8nZhbwYY3QGlrRedtDM3.jpg.jpg,,1,
http://development.persist.signzy.tech/api/files/388947/download-bypass/yPbq0KznbP0F0bLTVOVRj2DIwGvxLFvoWFdV0ZbYRIVqxQJPzE.jpg,tmpout/127_yPbq0KznbP0F0bLTVOVRj2DIwGvxLFvoWFdV0ZbYRIVqxQJPzE.jpg.jpg,,,
http://development.persist.signzy.tech/api/files/388948/download-bypass/10uVWSu2615L99xWFIAMHkcUY6FhFLaKGdo8zmhrgtlnjzmXyY.jpg,tmpout/128_10uVWSu2615L99xWFIAMHkcUY6FhFLaKGdo8zmhrgtlnjzmXyY.jpg.jpg,,,
http://development.persist.signzy.tech/api/files/388949/download-bypass/R9tn0PiH0wsXRPwl58qxUNLMgzXQzBsi4bFex1uMxkEoGm9wuA.jpg,tmpout/129_R9tn0PiH0wsXRPwl58qxUNLMgzXQzBsi4bFex1uMxkEoGm9wuA.jpg.jpg,,,
http://development.persist.signzy.tech/api/files/388950/download-bypass/Rt6vcJmCGQTwZtJTBab8qzbdf4ymt1jN9uAjswCus6rVJ2z1w3.jpg,tmpout/130_Rt6vcJmCGQTwZtJTBab8qzbdf4ymt1jN9uAjswCus6rVJ2z1w3.jpg.jpg,,,
http://development.persist.signzy.tech/api/files/388951/download-bypass/yqYs87nKCLtJx2Hr7Awu5EHwjpn70p4yMGfm43B1ETWdnPMgsu.jpg,tmpout/131_yqYs87nKCLtJx2Hr7Awu5EHwjpn70p4yMGfm43B1ETWdnPMgsu.jpg.jpg,,,
http://development.persist.signzy.tech/api/files/388954/download-bypass/cOnkdVog8iZ1iyIAz7kzyDyPuUCoxUbqo71qKy9HiFTJiMXCpM.jpg,tmpout/132_cOnkdVog8iZ1iyIAz7kzyDyPuUCoxUbqo71qKy9HiFTJiMXCpM.jpg.jpg,,,
http://development.persist.signzy.tech/api/files/388953/download-bypass/GBxa7MXJb7TkHnOFLO6kOHi270DCg4AFeFQRs1kncCVoqCbZs0.jpg,tmpout/133_GBxa7MXJb7TkHnOFLO6kOHi270DCg4AFeFQRs1kncCVoqCbZs0.jpg.jpg,,,
http://development.persist.signzy.tech/api/files/388952/download-bypass/49H9JL2H303qUQB5jgNIWyDAdMqVx0ZueWQoxaiAIGESzbaM01.jpg,tmpout/134_49H9JL2H303qUQB5jgNIWyDAdMqVx0ZueWQoxaiAIGESzbaM01.jpg.jpg,,,
http://development.persist.signzy.tech/api/files/388955/download-bypass/HdQKhRGjVG7QAfcqPtqh8fB3vTug11B7mOsH3CD1PHuDIaWDE0.jpg,tmpout/135_HdQKhRGjVG7QAfcqPtqh8fB3vTug11B7mOsH3CD1PHuDIaWDE0.jpg.jpg,,,
http://development.persist.signzy.tech/api/files/388957/download-bypass/DbGwy2cbSyJuIuue0BEQ380kSmSgG5B2exV1O0hHLtlsMsL06l.jpg,tmpout/136_DbGwy2cbSyJuIuue0BEQ380kSmSgG5B2exV1O0hHLtlsMsL06l.jpg.jpg,,,
http://development.persist.signzy.tech/api/files/388956/download-bypass/CJ0kK12xiPbXSBznIl1Apb8wEEqcArJKc2u45z0THvBJ0Fh6fJ.jpg,tmpout/137_CJ0kK12xiPbXSBznIl1Apb8wEEqcArJKc2u45z0THvBJ0Fh6fJ.jpg.jpg,,,
http://development.persist.signzy.tech/api/files/388958/download-bypass/0MHEwxNRM0HC2ixG42ZFULoMTHldcrWvdgCjwbfSTEaAesVHpL.jpg,tmpout/138_0MHEwxNRM0HC2ixG42ZFULoMTHldcrWvdgCjwbfSTEaAesVHpL.jpg.jpg,,,
http://development.persist.signzy.tech/api/files/388959/download-bypass/0gHO7khTqQEuTocxN811qc68hw7AOwmNr22mA4gpEdxGzvF3W6.jpg,tmpout/139_0gHO7khTqQEuTocxN811qc68hw7AOwmNr22mA4gpEdxGzvF3W6.jpg.jpg,,1,
http://development.persist.signzy.tech/api/files/388960/download-bypass/yzbt5wZlgnYpFI4DPyGEmihU27s5gKE0JL2nIcH7dNWFkMpUBq.jpg,tmpout/140_yzbt5wZlgnYpFI4DPyGEmihU27s5gKE0JL2nIcH7dNWFkMpUBq.jpg.jpg,,,
http://development.persist.signzy.tech/api/files/388962/download-bypass/Ra7Q98A6Y64Aozh96A0pGeX1TbYWUMFzJmrC4CCP9wS92AV69h.jpg,tmpout/141_Ra7Q98A6Y64Aozh96A0pGeX1TbYWUMFzJmrC4CCP9wS92AV69h.jpg.jpg,,,
http://development.persist.signzy.tech/api/files/388961/download-bypass/e2RjuwbwiMOfOqUaeJBUPNpo0HcqHFUqRdz5dwf3AcZfJGwwjo.jpg,tmpout/142_e2RjuwbwiMOfOqUaeJBUPNpo0HcqHFUqRdz5dwf3AcZfJGwwjo.jpg.jpg,,,
http://development.persist.signzy.tech/api/files/388963/download-bypass/ym6PytiTjRpLCf4TAcxPFCTbbjOAxP1Dvq4ewvzf5PGJ7X7oHE.jpg,tmpout/143_ym6PytiTjRpLCf4TAcxPFCTbbjOAxP1Dvq4ewvzf5PGJ7X7oHE.jpg.jpg,,,
http://development.persist.signzy.tech/api/files/388964/download-bypass/BiwBbK4xU1jjLyvvKL8ppr0V4kUfLRReT3RF4kQBPw9saJLUxR.jpg,tmpout/144_BiwBbK4xU1jjLyvvKL8ppr0V4kUfLRReT3RF4kQBPw9saJLUxR.jpg.jpg,,,
http://development.persist.signzy.tech/api/files/388965/download-bypass/H0FggxzkhsARniMiOWPpPEf6voc5j3EO9465aMGXauUWvWa2Op.jpg,tmpout/145_H0FggxzkhsARniMiOWPpPEf6voc5j3EO9465aMGXauUWvWa2Op.jpg.jpg,,,
http://development.persist.signzy.tech/api/files/388966/download-bypass/gs5a74xBCfMfLzfnOVyNxvGzEI5Zt1FF3bAJRFMarwL2JsXnGp.jpg,tmpout/146_gs5a74xBCfMfLzfnOVyNxvGzEI5Zt1FF3bAJRFMarwL2JsXnGp.jpg.jpg,,,
http://development.persist.signzy.tech/api/files/388967/download-bypass/9WP9JmR1iYqhUmHjj7J9Ldg5CqtVhe6iB8VIqxpnpfnJrhiQmH.jpg,tmpout/147_9WP9JmR1iYqhUmHjj7J9Ldg5CqtVhe6iB8VIqxpnpfnJrhiQmH.jpg.jpg,,,
http://development.persist.signzy.tech/api/files/388968/download-bypass/1hAi79Y25dvLN9XmG62iPlpayEabelxpAxXqQlLAzQJFa598fr.jpg,tmpout/148_1hAi79Y25dvLN9XmG62iPlpayEabelxpAxXqQlLAzQJFa598fr.jpg.jpg,,,
http://development.persist.signzy.tech/api/files/388970/download-bypass/QxGa7IPG17T2o4uysgSTVExiooBGjr1lSNO3v66N4uXI7WPCPG.jpg,tmpout/149_QxGa7IPG17T2o4uysgSTVExiooBGjr1lSNO3v66N4uXI7WPCPG.jpg.jpg,,,
http://development.persist.signzy.tech/api/files/388969/download-bypass/ljSik1EinWZOthgeXZeGG25YHsgdHLVRXvxb3CPpt44lEKpCBI.jpg,tmpout/150_ljSik1EinWZOthgeXZeGG25YHsgdHLVRXvxb3CPpt44lEKpCBI.jpg.jpg,,,
http://development.persist.signzy.tech/api/files/388971/download-bypass/uTdGXJFa9iLkfvQtTP59HxJv121IABSh20BQgzKUBMAUs5OTUO.jpg,tmpout/151_uTdGXJFa9iLkfvQtTP59HxJv121IABSh20BQgzKUBMAUs5OTUO.jpg.jpg,,1,
http://development.persist.signzy.tech/api/files/388972/download-bypass/H9mKbulamkfANh8x64DGLGOVesZHy78ZX5MqNE1aLciAiUUhej.jpg,tmpout/152_H9mKbulamkfANh8x64DGLGOVesZHy78ZX5MqNE1aLciAiUUhej.jpg.jpg,,,
http://development.persist.signzy.tech/api/files/388973/download-bypass/n1QNtxXTg6caNlajaG1EroU8Dx6jf5oQx4QAChFAaSYZSpP48F.jpg,tmpout/153_n1QNtxXTg6caNlajaG1EroU8Dx6jf5oQx4QAChFAaSYZSpP48F.jpg.jpg,,,
http://development.persist.signzy.tech/api/files/388976/download-bypass/2SNcKgOx79uGDw1T9vJAKAblzNFgx6w2WFVwI93eqgo2aqmTx2.jpg,tmpout/154_2SNcKgOx79uGDw1T9vJAKAblzNFgx6w2WFVwI93eqgo2aqmTx2.jpg.jpg,,,
http://development.persist.signzy.tech/api/files/388975/download-bypass/QWqpTYKtxyws6M5TJffG4QxMdDPInPuUsyMdRqtjLQ6NlyHBbD.jpg,tmpout/155_QWqpTYKtxyws6M5TJffG4QxMdDPInPuUsyMdRqtjLQ6NlyHBbD.jpg.jpg,,,
http://development.persist.signzy.tech/api/files/388977/download-bypass/GVL3MmWK7hx1UXgo241d5NNFXtkf5Q8gkeBu2seb9tjmwzwie3.jpg,tmpout/156_GVL3MmWK7hx1UXgo241d5NNFXtkf5Q8gkeBu2seb9tjmwzwie3.jpg.jpg,,,
http://development.persist.signzy.tech/api/files/388978/download-bypass/mAmAP7rfRqYzoW92jDdsU5GTeZ4NimgWxWxzehXeGjPTOis72r.jpg,tmpout/157_mAmAP7rfRqYzoW92jDdsU5GTeZ4NimgWxWxzehXeGjPTOis72r.jpg.jpg,,,
http://development.persist.signzy.tech/api/files/388979/download-bypass/2XkRARxCmHKqZD36rHXHOcC4hBN2fKzytPRGOodpgUs6CujE8x.jpg,tmpout/158_2XkRARxCmHKqZD36rHXHOcC4hBN2fKzytPRGOodpgUs6CujE8x.jpg.jpg,,,1
http://development.persist.signzy.tech/api/files/388980/download-bypass/3p2YeSurp6xfsnfF4vw7FT7T2HMLuFHgEhqz3buwh0KOMGLvT3.jpg,tmpout/159_3p2YeSurp6xfsnfF4vw7FT7T2HMLuFHgEhqz3buwh0KOMGLvT3.jpg.jpg,,,
http://development.persist.signzy.tech/api/files/388981/download-bypass/f0cRpSGpBwhWuuG2Q9gBzvtGMJFCc6lvHmBd1SGhu84Iq0Fgog.jpg,tmpout/160_f0cRpSGpBwhWuuG2Q9gBzvtGMJFCc6lvHmBd1SGhu84Iq0Fgog.jpg.jpg,,,
http://development.persist.signzy.tech/api/files/388982/download-bypass/oN0fmDQ3RCySlMYwGZXNGBQvPS1X51fE2J3dMymQWmMMS5LEmg.jpg,tmpout/161_oN0fmDQ3RCySlMYwGZXNGBQvPS1X51fE2J3dMymQWmMMS5LEmg.jpg.jpg,,,
http://development.persist.signzy.tech/api/files/388983/download-bypass/7KaW3hEJ2HNij8g43mhrtG4s4QpJTJWg472IjwaTkxkHYoIw52.jpg,tmpout/162_7KaW3hEJ2HNij8g43mhrtG4s4QpJTJWg472IjwaTkxkHYoIw52.jpg.jpg,,,
http://development.persist.signzy.tech/api/files/388985/download-bypass/u8GOkP5XG72aniJLZoYkSzXpOoA0mwlCc9u4YsLkWg2Trv12P9.jpg,tmpout/163_u8GOkP5XG72aniJLZoYkSzXpOoA0mwlCc9u4YsLkWg2Trv12P9.jpg.jpg,,,
http://development.persist.signzy.tech/api/files/388984/download-bypass/1hf1D43aEBt20NOyPV41ZHnvl10WEfiy2eiPV8c0uenuPjJqVy.jpg,tmpout/164_1hf1D43aEBt20NOyPV41ZHnvl10WEfiy2eiPV8c0uenuPjJqVy.jpg.jpg,,,
http://development.persist.signzy.tech/api/files/388987/download-bypass/HAcNKz1iHM9iBRaaVwyK97shfJKfBpb21GHPG3RJ8wLDpfCoyg.jpg,tmpout/165_HAcNKz1iHM9iBRaaVwyK97shfJKfBpb21GHPG3RJ8wLDpfCoyg.jpg.jpg,,,
http://development.persist.signzy.tech/api/files/388986/download-bypass/U0PRFWNhKUNSN7gNh6ydrLmu0TETX4lp377XdWWaY3bDLcosnU.jpg,tmpout/166_U0PRFWNhKUNSN7gNh6ydrLmu0TETX4lp377XdWWaY3bDLcosnU.jpg.jpg,,1,
http://development.persist.signzy.tech/api/files/388988/download-bypass/DVedIYUZfV7XCLsJFHxR13rhS68JSaX1BfdYaGvT81hUMoeWkx.jpg,tmpout/167_DVedIYUZfV7XCLsJFHxR13rhS68JSaX1BfdYaGvT81hUMoeWkx.jpg.jpg,,,
http://development.persist.signzy.tech/api/files/388990/download-bypass/SjeMTIvEpDHMuwxNGsBZ0Q4ZyKL3L8cyMLtZZiTQ00vjviDUh7.jpg,tmpout/168_SjeMTIvEpDHMuwxNGsBZ0Q4ZyKL3L8cyMLtZZiTQ00vjviDUh7.jpg.jpg,,,
http://development.persist.signzy.tech/api/files/388989/download-bypass/Zmq5qZPNzRLy0lw6UExDtW0d4p6pUINpTCbFyerMnV2gtFaBt6.jpg,tmpout/169_Zmq5qZPNzRLy0lw6UExDtW0d4p6pUINpTCbFyerMnV2gtFaBt6.jpg.jpg,,,
http://development.persist.signzy.tech/api/files/388991/download-bypass/x1yQ9U3kAabuJA2BFdk8PeJtSikJ94MeQujYbKPTYTkgDgMGxg.jpg,tmpout/170_x1yQ9U3kAabuJA2BFdk8PeJtSikJ94MeQujYbKPTYTkgDgMGxg.jpg.jpg,,,
http://development.persist.signzy.tech/api/files/388992/download-bypass/1TXOG6u3zzL8Olxc7AJS8sytmtzAs220vfSO0rC6F9CYthovZg.jpg,tmpout/171_1TXOG6u3zzL8Olxc7AJS8sytmtzAs220vfSO0rC6F9CYthovZg.jpg.jpg,,,
http://development.persist.signzy.tech/api/files/388993/download-bypass/RsWQnjOmruWXrf25WMWb3B4F4xLg5OoTX2jWDOcYxvQKyacu7z.jpg,tmpout/172_RsWQnjOmruWXrf25WMWb3B4F4xLg5OoTX2jWDOcYxvQKyacu7z.jpg.jpg,,,
http://development.persist.signzy.tech/api/files/388995/download-bypass/pjsqA0pAAPkUgqzv8dYBevDBYVgj3LbC7CMTkfFCIgjKAUVhGH.jpg,tmpout/173_pjsqA0pAAPkUgqzv8dYBevDBYVgj3LbC7CMTkfFCIgjKAUVhGH.jpg.jpg,,,
http://development.persist.signzy.tech/api/files/388996/download-bypass/wogQKCTdUbXp6LVdc6c8H9FFxFfusPJ7z8qkkrVC6tsBFFEPqp.jpg,tmpout/174_wogQKCTdUbXp6LVdc6c8H9FFxFfusPJ7z8qkkrVC6tsBFFEPqp.jpg.jpg,,,
http://development.persist.signzy.tech/api/files/388997/download-bypass/xhIzDQM4IPeqMD6VI5rg5YUe79eiHbVJIrwqTBBBeNrUyUTPEy.jpg,tmpout/175_xhIzDQM4IPeqMD6VI5rg5YUe79eiHbVJIrwqTBBBeNrUyUTPEy.jpg.jpg,,,
http://development.persist.signzy.tech/api/files/388994/download-bypass/SvqDtY3r9KvqRXvoD6t8l52ZplIQf01pZipeKYUqbWTiKYxy6N.jpg,tmpout/176_SvqDtY3r9KvqRXvoD6t8l52ZplIQf01pZipeKYUqbWTiKYxy6N.jpg.jpg,,,
http://development.persist.signzy.tech/api/files/388998/download-bypass/fEzuytXQa7HJQplDZAYs6s1TQlupUZn5WjyR0aS4HsndYQ75FF.jpg,tmpout/177_fEzuytXQa7HJQplDZAYs6s1TQlupUZn5WjyR0aS4HsndYQ75FF.jpg.jpg,,,
http://development.persist.signzy.tech/api/files/388999/download-bypass/6VSVe4iY68feD67SHUfi15IjEa6cFKc4b9OGcDKEfd0l1aROXl.jpg,tmpout/178_6VSVe4iY68feD67SHUfi15IjEa6cFKc4b9OGcDKEfd0l1aROXl.jpg.jpg,,,
http://development.persist.signzy.tech/api/files/389000/download-bypass/QkbnKleIQTH3ZWYmIVKvOK5cQBZCDI7MK7SB5NRoj1KlATLZ16.jpg,tmpout/179_QkbnKleIQTH3ZWYmIVKvOK5cQBZCDI7MK7SB5NRoj1KlATLZ16.jpg.jpg,,,
http://development.persist.signzy.tech/api/files/389001/download-bypass/hQHyri4i1kgwKD9mMIvQgMr5VcAUZqulGglAsdQwz5AFcdmMl9.jpg,tmpout/180_hQHyri4i1kgwKD9mMIvQgMr5VcAUZqulGglAsdQwz5AFcdmMl9.jpg.jpg,,1,
http://development.persist.signzy.tech/api/files/389002/download-bypass/rM9FAU3de4vYbolQpxAKzMegS4M9w62tCHjYzfGgYoYTkK9xv6.jpg,tmpout/181_rM9FAU3de4vYbolQpxAKzMegS4M9w62tCHjYzfGgYoYTkK9xv6.jpg.jpg,,,
http://development.persist.signzy.tech/api/files/389003/download-bypass/hjlyvoJE1kheasvCR41PjU0Oxps4bKcIGnBGJE6BZgFmFqWtpI.jpg,tmpout/182_hjlyvoJE1kheasvCR41PjU0Oxps4bKcIGnBGJE6BZgFmFqWtpI.jpg.jpg,,,
http://development.persist.signzy.tech/api/files/389005/download-bypass/1gzKC4SERjK993YdPNMt0iF3VZ9jjCP5ADzKZ44sHIIyy4rdwQ.jpg,tmpout/183_1gzKC4SERjK993YdPNMt0iF3VZ9jjCP5ADzKZ44sHIIyy4rdwQ.jpg.jpg,,,
http://development.persist.signzy.tech/api/files/389006/download-bypass/DeywkzTUNAKhQy6K3bC8iIzBqgiZdSDXzaiTQJ6aZ0zMdUWAj6.jpg,tmpout/184_DeywkzTUNAKhQy6K3bC8iIzBqgiZdSDXzaiTQJ6aZ0zMdUWAj6.jpg.jpg,,,
http://development.persist.signzy.tech/api/files/389007/download-bypass/7LFxBVuK86K0gCbghV1FSjnb1Ij7uLLbFSAAZ9lUAiQXkRQerf.jpg,tmpout/185_7LFxBVuK86K0gCbghV1FSjnb1Ij7uLLbFSAAZ9lUAiQXkRQerf.jpg.jpg,,,
http://development.persist.signzy.tech/api/files/389008/download-bypass/VJ6muFDHKxQrctVSCPsKXZTrMu3BNmSs7DClGOkG31TR5WS3uh.jpg,tmpout/186_VJ6muFDHKxQrctVSCPsKXZTrMu3BNmSs7DClGOkG31TR5WS3uh.jpg.jpg,,,
http://development.persist.signzy.tech/api/files/389289/download-bypass/ciRip3C3LuhnedsNCOKc7ase9KR9rgxQRAjTQ2AcXQpRYMxERE.jpg,tmpout/187_ciRip3C3LuhnedsNCOKc7ase9KR9rgxQRAjTQ2AcXQpRYMxERE.jpg.jpg,,,
http://development.persist.signzy.tech/api/files/389288/download-bypass/Hqq7rOOSBHuxf3Z1ybtI4zj3suoT6Ev21SqUlKPkcMfwTXKzfX.jpg,tmpout/188_Hqq7rOOSBHuxf3Z1ybtI4zj3suoT6Ev21SqUlKPkcMfwTXKzfX.jpg.jpg,,,
http://development.persist.signzy.tech/api/files/389290/download-bypass/QrtIQwWKTS5KeTsmGSHusxCN4A3vcEBy85Z1nk6sqbKZcxV6Rw.jpg,tmpout/189_QrtIQwWKTS5KeTsmGSHusxCN4A3vcEBy85Z1nk6sqbKZcxV6Rw.jpg.jpg,,,
http://development.persist.signzy.tech/api/files/389291/download-bypass/3DCluJDyfv3X84vhgKBfJoZCcMHTNbm8ktXKo3pcXK2S7AGhta.jpg,tmpout/190_3DCluJDyfv3X84vhgKBfJoZCcMHTNbm8ktXKo3pcXK2S7AGhta.jpg.jpg,,,
http://development.persist.signzy.tech/api/files/389292/download-bypass/tUHxtjlLrf9n4C5i5Fy3cDUmfJpKR4Cxjl8sGu1GVoMT6QmFRw.jpeg,tmpout/191_tUHxtjlLrf9n4C5i5Fy3cDUmfJpKR4Cxjl8sGu1GVoMT6QmFRw.jpeg.jpeg,,,
http://development.persist.signzy.tech/api/files/389293/download-bypass/fxZ4QHUgccvY6ybawCf7xhp6vV5fhLT2p0MaOwXn55Ilqt1QnZ.jpg,tmpout/192_fxZ4QHUgccvY6ybawCf7xhp6vV5fhLT2p0MaOwXn55Ilqt1QnZ.jpg.jpg,,,
http://development.persist.signzy.tech/api/files/389294/download-bypass/7j7kt1RG6yjC04seGZfDCrXyDFlwBIqBrxk9Mdlp1YnzawO4ze.jpg,tmpout/193_7j7kt1RG6yjC04seGZfDCrXyDFlwBIqBrxk9Mdlp1YnzawO4ze.jpg.jpg,,,
http://development.persist.signzy.tech/api/files/389295/download-bypass/uhAvKe8ROdzOu5kuW42T3bS5hLSxPnlPy63cAqZ2M92fXAvvNs.jpg,tmpout/194_uhAvKe8ROdzOu5kuW42T3bS5hLSxPnlPy63cAqZ2M92fXAvvNs.jpg.jpg,,,
http://development.persist.signzy.tech/api/files/389296/download-bypass/RjsvY9mpHxTgO3CJFk0gMwgi8H49xHyG69jrD9h9GvrZDwXdPV.jpeg,tmpout/195_RjsvY9mpHxTgO3CJFk0gMwgi8H49xHyG69jrD9h9GvrZDwXdPV.jpeg.jpeg,,,
http://development.persist.signzy.tech/api/files/389297/download-bypass/KBeoJ5GrVPH9mj9v7zDC3VkX7jN9mk7JwRatnzb18aDEWHMYYT.jpeg,tmpout/196_KBeoJ5GrVPH9mj9v7zDC3VkX7jN9mk7JwRatnzb18aDEWHMYYT.jpeg.jpeg,,,
http://development.persist.signzy.tech/api/files/389298/download-bypass/51ilMP6sAAxh6LC5aHC1LF0penTBvZ2gt13VuRqDsSUajWFaaX.jpg,tmpout/197_51ilMP6sAAxh6LC5aHC1LF0penTBvZ2gt13VuRqDsSUajWFaaX.jpg.jpg,,,
http://development.persist.signzy.tech/api/files/389299/download-bypass/0l1y2eBhytGSVdLabvhGiJMdU8X41KIJxybKfl3Cpu4vRA1jJJ.jpg,tmpout/198_0l1y2eBhytGSVdLabvhGiJMdU8X41KIJxybKfl3Cpu4vRA1jJJ.jpg.jpg,,,
http://development.persist.signzy.tech/api/files/389300/download-bypass/KSOQ9N7k3AP2BGipBRIUyNi2fcceE4JHD1SVrfTnp4bFhkDywh.jpg,tmpout/199_KSOQ9N7k3AP2BGipBRIUyNi2fcceE4JHD1SVrfTnp4bFhkDywh.jpg.jpg,,,
http://development.persist.signzy.tech/api/files/389301/download-bypass/FjiHTfNrfleJWJE2hpKqXcnUxxchkCqzeokYEXbvWjC4TR8exO.jpg,tmpout/200_FjiHTfNrfleJWJE2hpKqXcnUxxchkCqzeokYEXbvWjC4TR8exO.jpg.jpg,,,
http://development.persist.signzy.tech/api/files/389302/download-bypass/KcULvf9yrSzzgmdLSjoF61L9usD34jkFSqxPHVT2KnnAeI9k0S.jpg,tmpout/201_KcULvf9yrSzzgmdLSjoF61L9usD34jkFSqxPHVT2KnnAeI9k0S.jpg.jpg,,,
http://development.persist.signzy.tech/api/files/389303/download-bypass/wwfedwTy9013tJ28lAlXGUZxvhRGVOV80cswaskyB0N7JXK52E.jpg,tmpout/202_wwfedwTy9013tJ28lAlXGUZxvhRGVOV80cswaskyB0N7JXK52E.jpg.jpg,,,
http://development.persist.signzy.tech/api/files/389304/download-bypass/UmG8lkomno0cEgl7TgUDYUpD4GOlc9YMS3ERsQ6DOgFaAdUoJY.jpg,tmpout/203_UmG8lkomno0cEgl7TgUDYUpD4GOlc9YMS3ERsQ6DOgFaAdUoJY.jpg.jpg,,,
http://development.persist.signzy.tech/api/files/389306/download-bypass/dhI7ASX8UI4jKJwmMfgWnkm9qKyI5RS143tTp9ONjjfcJ1XmY7.jpg,tmpout/204_dhI7ASX8UI4jKJwmMfgWnkm9qKyI5RS143tTp9ONjjfcJ1XmY7.jpg.jpg,,,
http://development.persist.signzy.tech/api/files/389305/download-bypass/1FQ2qfi3Otpcfs8u68ejSyXEOwwnrauApdCLcwkKywS7beJ5zy.jpeg,tmpout/205_1FQ2qfi3Otpcfs8u68ejSyXEOwwnrauApdCLcwkKywS7beJ5zy.jpeg.jpeg,,,
http://development.persist.signzy.tech/api/files/389307/download-bypass/ERwJ7yiEcGqqeY3bzA8aYsRUMA0XKkxIFXWcG8I6uvamDGBiGn.jpg,tmpout/206_ERwJ7yiEcGqqeY3bzA8aYsRUMA0XKkxIFXWcG8I6uvamDGBiGn.jpg.jpg,,,
http://development.persist.signzy.tech/api/files/389308/download-bypass/DZGNlZAdCx3ujJQXkqgj903x60wkxUjoFRIg2u0pIerchtDes7.jpg,tmpout/207_DZGNlZAdCx3ujJQXkqgj903x60wkxUjoFRIg2u0pIerchtDes7.jpg.jpg,,,
http://development.persist.signzy.tech/api/files/389309/download-bypass/e2IC5vInih9qHTYALQtpHFx2KChKKobv4boiq022oUzFWnTvAa.jpeg,tmpout/208_e2IC5vInih9qHTYALQtpHFx2KChKKobv4boiq022oUzFWnTvAa.jpeg.jpeg,,,
http://development.persist.signzy.tech/api/files/389310/download-bypass/IrpTeJlwTn5uEu2O0pAxQqDHkoWGcbVTlaFcIfMxmHvOH45OYu.jpg,tmpout/209_IrpTeJlwTn5uEu2O0pAxQqDHkoWGcbVTlaFcIfMxmHvOH45OYu.jpg.jpg,,,
http://development.persist.signzy.tech/api/files/389312/download-bypass/fPxpNKGn8Lkr9TEigrmDKz9UOE7O9J8DLpgs6AMgWKAG7fZcb2.jpg,tmpout/210_fPxpNKGn8Lkr9TEigrmDKz9UOE7O9J8DLpgs6AMgWKAG7fZcb2.jpg.jpg,,,
http://development.persist.signzy.tech/api/files/389315/download-bypass/3mRrtFyzAJSFxtLxrZfL0yujimkJE1fc3A7YoH8KpDq7hb6CuW.jpeg,tmpout/211_3mRrtFyzAJSFxtLxrZfL0yujimkJE1fc3A7YoH8KpDq7hb6CuW.jpeg.jpeg,,,
http://development.persist.signzy.tech/api/files/389316/download-bypass/BOi8OEBTX0Zoc3Ejx7OHZzNDDvVAcJGmELvR5xSCN7Q3nuK4le.jpg,tmpout/212_BOi8OEBTX0Zoc3Ejx7OHZzNDDvVAcJGmELvR5xSCN7Q3nuK4le.jpg.jpg,,,
http://development.persist.signzy.tech/api/files/389317/download-bypass/kbVjNR4B9dRDSDHh0CZLSfiPsGflOCPcyGV12hwTRUo9LYIMgb.jpg,tmpout/213_kbVjNR4B9dRDSDHh0CZLSfiPsGflOCPcyGV12hwTRUo9LYIMgb.jpg.jpg,,,
http://development.persist.signzy.tech/api/files/389314/download-bypass/IvgKiB65ZnaVISd8IVKoLM8Cf8vqlVqPezhPfEnYaKg3Nav3j3.jpeg,tmpout/214_IvgKiB65ZnaVISd8IVKoLM8Cf8vqlVqPezhPfEnYaKg3Nav3j3.jpeg.jpeg,,,
http://development.persist.signzy.tech/api/files/389318/download-bypass/j4e42V4kFGgagG0RUuvG3Si0MssME6FJmavbjgHrP6eGUWCPP6.jpg,tmpout/215_j4e42V4kFGgagG0RUuvG3Si0MssME6FJmavbjgHrP6eGUWCPP6.jpg.jpg,,,
http://development.persist.signzy.tech/api/files/389319/download-bypass/Rl4mgA9zog0q9YTs4gwkaPx47yIGXEYohoNekRBMYAItQvHHBT.jpeg,tmpout/216_Rl4mgA9zog0q9YTs4gwkaPx47yIGXEYohoNekRBMYAItQvHHBT.jpeg.jpeg,,,
http://development.persist.signzy.tech/api/files/389320/download-bypass/5kohS5bmW8zFG3V2ByfRsoganlXtlRQRJZW2ChDbLKz9lswTbr.jpg,tmpout/217_5kohS5bmW8zFG3V2ByfRsoganlXtlRQRJZW2ChDbLKz9lswTbr.jpg.jpg,,,
http://development.persist.signzy.tech/api/files/389321/download-bypass/iRA5x0WtmuFMzftmeJLeyj6ON8dKg0JaZ9snEHVMuOG5S0sKGE.jpg,tmpout/218_iRA5x0WtmuFMzftmeJLeyj6ON8dKg0JaZ9snEHVMuOG5S0sKGE.jpg.jpg,,,
http://development.persist.signzy.tech/api/files/389322/download-bypass/OrEHhJZHNEc5jE3C9BtmeExVItvZGTQR39pPBxq5pTbvSUMqPp.jpg,tmpout/219_OrEHhJZHNEc5jE3C9BtmeExVItvZGTQR39pPBxq5pTbvSUMqPp.jpg.jpg,,,
http://development.persist.signzy.tech/api/files/389323/download-bypass/DFoi4154cneUSJWhhCTOmS6u0pKgSAJwz1wycHo5vTpq4mjyN6.jpeg,tmpout/220_DFoi4154cneUSJWhhCTOmS6u0pKgSAJwz1wycHo5vTpq4mjyN6.jpeg.jpeg,,,
http://development.persist.signzy.tech/api/files/389324/download-bypass/BoE5RNFIpcZhUnumbdxFGwn9BvQZkdRaJ68AbclfPBoXJAZzGP.jpg,tmpout/221_BoE5RNFIpcZhUnumbdxFGwn9BvQZkdRaJ68AbclfPBoXJAZzGP.jpg.jpg,,,
http://development.persist.signzy.tech/api/files/389325/download-bypass/YodYlzDkHBYJbltlpgTYjJR0vscvrr6l0EiCXMmARWd3PLM56f.jpg,tmpout/222_YodYlzDkHBYJbltlpgTYjJR0vscvrr6l0EiCXMmARWd3PLM56f.jpg.jpg,,,
http://development.persist.signzy.tech/api/files/389326/download-bypass/Kz8alF8F2eMKqNp9d6ifeWAXbJ3LRMnM8690Ar8VdmeReMhfEc.jpg,tmpout/223_Kz8alF8F2eMKqNp9d6ifeWAXbJ3LRMnM8690Ar8VdmeReMhfEc.jpg.jpg,,,
http://development.persist.signzy.tech/api/files/389327/download-bypass/WaMnylWdY6D2D2rGJG0fCcBgT5fx33dUfn22ePcknWHZwqhKXv.jpg,tmpout/224_WaMnylWdY6D2D2rGJG0fCcBgT5fx33dUfn22ePcknWHZwqhKXv.jpg.jpg,,,
http://development.persist.signzy.tech/api/files/389328/download-bypass/kSUXPM32ipjNMWH4XusuYTZ4Pu5T6Pxr676YzPP94gop6qxysK.jpg,tmpout/225_kSUXPM32ipjNMWH4XusuYTZ4Pu5T6Pxr676YzPP94gop6qxysK.jpg.jpg,,,
http://development.persist.signzy.tech/api/files/389329/download-bypass/UBrE00iqpcoIZ06upMA3Zwtzx9tC2H3UuXsNjvdEeX61JjeI9F.jpg,tmpout/226_UBrE00iqpcoIZ06upMA3Zwtzx9tC2H3UuXsNjvdEeX61JjeI9F.jpg.jpg,,,
http://development.persist.signzy.tech/api/files/389330/download-bypass/FZMXbg4bMU1MwWQAm6MDNZPX333B8N41WZdY25iLqBwhIbI0rd.jpg,tmpout/227_FZMXbg4bMU1MwWQAm6MDNZPX333B8N41WZdY25iLqBwhIbI0rd.jpg.jpg,,,
http://development.persist.signzy.tech/api/files/389331/download-bypass/Jv2GhtiLxHvz4MMD2wlDlEpIIaKzBWFwrpfvoLb1d3QonTfI76.jpg,tmpout/228_Jv2GhtiLxHvz4MMD2wlDlEpIIaKzBWFwrpfvoLb1d3QonTfI76.jpg.jpg,,1,
http://development.persist.signzy.tech/api/files/389332/download-bypass/XNdNnjhj6vjyXerfnd2VKnj1myLoKEZALzl1Q1MnsDAqFlbiIq.jpg,tmpout/229_XNdNnjhj6vjyXerfnd2VKnj1myLoKEZALzl1Q1MnsDAqFlbiIq.jpg.jpg,,,
http://development.persist.signzy.tech/api/files/389333/download-bypass/mdS5QsZ6O4joFtc8A5Z0pwdCs6nKOwiO9rDpYTISp9YTLNdjHi.jpg,tmpout/230_mdS5QsZ6O4joFtc8A5Z0pwdCs6nKOwiO9rDpYTISp9YTLNdjHi.jpg.jpg,,,
http://development.persist.signzy.tech/api/files/389334/download-bypass/1fx0T37KXBTz8HSbpWZAb9vcOxroeC4jKKyrwPw0b2c4iimYrf.jpeg,tmpout/231_1fx0T37KXBTz8HSbpWZAb9vcOxroeC4jKKyrwPw0b2c4iimYrf.jpeg.jpeg,,,
http://development.persist.signzy.tech/api/files/389336/download-bypass/Tjoe7kSBGkYIbtJRiif21AjTyV9by0DZD86rlOew2PA3yh7IcY.jpeg,tmpout/232_Tjoe7kSBGkYIbtJRiif21AjTyV9by0DZD86rlOew2PA3yh7IcY.jpeg.jpeg,,,
http://development.persist.signzy.tech/api/files/389337/download-bypass/WSwq8qtbrwJfcJ9A5qLvwtaGuDZd6z9IkqpqGk9Fqfscw2uNIl.jpg,tmpout/233_WSwq8qtbrwJfcJ9A5qLvwtaGuDZd6z9IkqpqGk9Fqfscw2uNIl.jpg.jpg,,,
http://development.persist.signzy.tech/api/files/389338/download-bypass/hz331IJC5du3xK3LwaJUHLMC00wWt4JfpuuhdQ4H5JWCgt58Dw.jpg,tmpout/234_hz331IJC5du3xK3LwaJUHLMC00wWt4JfpuuhdQ4H5JWCgt58Dw.jpg.jpg,,,
http://development.persist.signzy.tech/api/files/389339/download-bypass/BKjFpvjZGykmZVc2xXAzWrLjZGDT84mdUIV3QnC7F6GPfG4llO.jpg,tmpout/235_BKjFpvjZGykmZVc2xXAzWrLjZGDT84mdUIV3QnC7F6GPfG4llO.jpg.jpg,,,
http://development.persist.signzy.tech/api/files/389340/download-bypass/4lc0DzigJWzuocVlL3d9r3ITUYIbgALNx8cMtd0hdZQCUXtqNj.jpg,tmpout/236_4lc0DzigJWzuocVlL3d9r3ITUYIbgALNx8cMtd0hdZQCUXtqNj.jpg.jpg,,,
http://development.persist.signzy.tech/api/files/389341/download-bypass/5bXLJ3Ngmxkd3NVwSYZGh5waWVkJSvtWzOwtRfjBux8akvNeKG.jpg,tmpout/237_5bXLJ3Ngmxkd3NVwSYZGh5waWVkJSvtWzOwtRfjBux8akvNeKG.jpg.jpg,,,
http://development.persist.signzy.tech/api/files/389343/download-bypass/EJo1TmI280ZEVhm8miaFYqvzP6pd4kARCPvW63l6iZ0MRCQelp.jpg,tmpout/238_EJo1TmI280ZEVhm8miaFYqvzP6pd4kARCPvW63l6iZ0MRCQelp.jpg.jpg,,,
http://development.persist.signzy.tech/api/files/389342/download-bypass/NxuaemWyy2Mv8mnpPGAZ2hfz8kNQZQYSoREK4QKGelhGNUmGjS.jpg,tmpout/239_NxuaemWyy2Mv8mnpPGAZ2hfz8kNQZQYSoREK4QKGelhGNUmGjS.jpg.jpg,,,
http://development.persist.signzy.tech/api/files/389344/download-bypass/RuFLWFFCbwxJlaptemaAfVrBX2b7xikQ4D1r4HV5BGTq7yifEx.jpg,tmpout/240_RuFLWFFCbwxJlaptemaAfVrBX2b7xikQ4D1r4HV5BGTq7yifEx.jpg.jpg,,,
http://development.persist.signzy.tech/api/files/389345/download-bypass/Zcro4uHFTR6jDHE8RQyTxFbbHYj3OfygV94DIMNV1I2yiESzsf.jpg,tmpout/241_Zcro4uHFTR6jDHE8RQyTxFbbHYj3OfygV94DIMNV1I2yiESzsf.jpg.jpg,,,
http://development.persist.signzy.tech/api/files/389346/download-bypass/8fexyFMWGaLX3Sh5ZEMlTqYc92yzVDbkyQouFcKHkoiF2DLU0V.jpg,tmpout/242_8fexyFMWGaLX3Sh5ZEMlTqYc92yzVDbkyQouFcKHkoiF2DLU0V.jpg.jpg,,,
http://development.persist.signzy.tech/api/files/389347/download-bypass/4YHmd2vTa22VxOGwwkEYbDFKGjoVdmt0Mvunz7BHQTUnTiv29q.jpg,tmpout/243_4YHmd2vTa22VxOGwwkEYbDFKGjoVdmt0Mvunz7BHQTUnTiv29q.jpg.jpg,,,
http://development.persist.signzy.tech/api/files/389348/download-bypass/ZXnABwCEq6EIgFPbqfQH8Zf3PRlT5zNUoVGNTMfVH1TWo6uNGq.jpg,tmpout/244_ZXnABwCEq6EIgFPbqfQH8Zf3PRlT5zNUoVGNTMfVH1TWo6uNGq.jpg.jpg,,,
http://development.persist.signzy.tech/api/files/389350/download-bypass/ut6Z1K0VVEsNmZVJe8Kx2vf3Y5gOeqO47o4gXypYT7yqWkt3z9.jpg,tmpout/245_ut6Z1K0VVEsNmZVJe8Kx2vf3Y5gOeqO47o4gXypYT7yqWkt3z9.jpg.jpg,,,
http://development.persist.signzy.tech/api/files/389349/download-bypass/Qg6BCIbs7roXzzn9jH3zG8czcstIFWP7rJl0GBUh6wTE9u8zQJ.jpg,tmpout/246_Qg6BCIbs7roXzzn9jH3zG8czcstIFWP7rJl0GBUh6wTE9u8zQJ.jpg.jpg,,,
http://development.persist.signzy.tech/api/files/389351/download-bypass/Y6SWQBUPFBWAp9q3hV905MwoyDXYpytlfFGykaLXhX5RkEduGF.jpg,tmpout/247_Y6SWQBUPFBWAp9q3hV905MwoyDXYpytlfFGykaLXhX5RkEduGF.jpg.jpg,,,
http://development.persist.signzy.tech/api/files/389352/download-bypass/TooVD46mFy51evyWdFO2NHfVIhNxH9RC2UH4fcvMbt7kZdvrSf.jpg,tmpout/248_TooVD46mFy51evyWdFO2NHfVIhNxH9RC2UH4fcvMbt7kZdvrSf.jpg.jpg,,,
http://development.persist.signzy.tech/api/files/389353/download-bypass/0UDdSE1eJ1gjwmTU9lLOnrF9U6l4Qtik8ubk2ZgYo4Xdrmxi6p.jpg,tmpout/249_0UDdSE1eJ1gjwmTU9lLOnrF9U6l4Qtik8ubk2ZgYo4Xdrmxi6p.jpg.jpg,,,
http://development.persist.signzy.tech/api/files/389354/download-bypass/DA5CFEM4CVPBMjZ7QiXKtWthmOKrBa9mTV24lekmAtM8Oi7aGe.jpeg,tmpout/250_DA5CFEM4CVPBMjZ7QiXKtWthmOKrBa9mTV24lekmAtM8Oi7aGe.jpeg.jpeg,,,
http://development.persist.signzy.tech/api/files/389355/download-bypass/qNpqhqg0NpqifJ6pm5xHyMylIq1oQJDszLWXw4tJEmU0TTi95x.jpg,tmpout/251_qNpqhqg0NpqifJ6pm5xHyMylIq1oQJDszLWXw4tJEmU0TTi95x.jpg.jpg,,,
http://development.persist.signzy.tech/api/files/389357/download-bypass/nKOaOdVXb8fUGQpDqgRawt8DezloucxY78kmgA77Z0i3po9VCR.PNG,tmpout/252_nKOaOdVXb8fUGQpDqgRawt8DezloucxY78kmgA77Z0i3po9VCR.PNG.png,,,
http://development.persist.signzy.tech/api/files/389356/download-bypass/ORVdlIZnnqhjr5ACic0h8OQ5IQuTQGmW9cQRHn2hfGf9fjMmVC.jpg,tmpout/253_ORVdlIZnnqhjr5ACic0h8OQ5IQuTQGmW9cQRHn2hfGf9fjMmVC.jpg.jpg,,,
http://development.persist.signzy.tech/api/files/389358/download-bypass/mpcw4kck5LDjYF9zNWVmYSOfxORLfxtn6RwcxrglU4QIxt7T8A.jpg,tmpout/254_mpcw4kck5LDjYF9zNWVmYSOfxORLfxtn6RwcxrglU4QIxt7T8A.jpg.jpg,,,
http://development.persist.signzy.tech/api/files/389359/download-bypass/L2BTsMQEm3qjB3PY6PdnzzsUMuLb5ekFxsOA3Eeru6WtIepbwS.jpg,tmpout/255_L2BTsMQEm3qjB3PY6PdnzzsUMuLb5ekFxsOA3Eeru6WtIepbwS.jpg.jpg,,,
http://development.persist.signzy.tech/api/files/389360/download-bypass/lC8KuFo7j3aA8NYzMM8kCSVcef8ngJwdQ5aITYGz41N8RFYcH7.jpg,tmpout/256_lC8KuFo7j3aA8NYzMM8kCSVcef8ngJwdQ5aITYGz41N8RFYcH7.jpg.jpg,,,
http://development.persist.signzy.tech/api/files/389361/download-bypass/M8gcvw0FMQDKt5f3qhluAbVTQIfSrwQHl2P5fyM03bU2uVNpga.jpg,tmpout/257_M8gcvw0FMQDKt5f3qhluAbVTQIfSrwQHl2P5fyM03bU2uVNpga.jpg.jpg,,,
http://development.persist.signzy.tech/api/files/389362/download-bypass/HPMwNrXy5JLqVnguyXQBs1ySRWWyola4Y7KVlMBrRZfe8pI7FY.jpg,tmpout/258_HPMwNrXy5JLqVnguyXQBs1ySRWWyola4Y7KVlMBrRZfe8pI7FY.jpg.jpg,,,
http://development.persist.signzy.tech/api/files/389363/download-bypass/vWwolQTNfNUdZUKVTqAFafPVdKNvXAjR1sgAUYKnxGxP34dDUJ.jpg,tmpout/259_vWwolQTNfNUdZUKVTqAFafPVdKNvXAjR1sgAUYKnxGxP34dDUJ.jpg.jpg,,,
http://development.persist.signzy.tech/api/files/389364/download-bypass/4k6V6wVWSMBzJO6EgknCkCRTEgEFoTorrQJ5fS0xucG3rhEdbm.jpg,tmpout/260_4k6V6wVWSMBzJO6EgknCkCRTEgEFoTorrQJ5fS0xucG3rhEdbm.jpg.jpg,,,
http://development.persist.signzy.tech/api/files/389365/download-bypass/JIG9vtdc7RbZb9WADyKFdhUurRa1s5qfnsHshbFs2KQRYvRXjz.jpg,tmpout/261_JIG9vtdc7RbZb9WADyKFdhUurRa1s5qfnsHshbFs2KQRYvRXjz.jpg.jpg,,,
http://development.persist.signzy.tech/api/files/389366/download-bypass/wQ7bC05bRPqBMwdnwSOjPaaNnI2ODZrPeSrGtqnIglIZuhBXTm.jpg,tmpout/262_wQ7bC05bRPqBMwdnwSOjPaaNnI2ODZrPeSrGtqnIglIZuhBXTm.jpg.jpg,,,
http://development.persist.signzy.tech/api/files/389368/download-bypass/CKyY88fDABPU5U8sqj7RMcx3nyiRXk8oKsNSbm3RVuyoW2bHYB.jpg,tmpout/263_CKyY88fDABPU5U8sqj7RMcx3nyiRXk8oKsNSbm3RVuyoW2bHYB.jpg.jpg,,,
http://development.persist.signzy.tech/api/files/389369/download-bypass/FvmxRH6I26qrt7LHF1kuWNPIqAJ3hLXUUNV7fDeRWNYj97z3HY.jpg,tmpout/264_FvmxRH6I26qrt7LHF1kuWNPIqAJ3hLXUUNV7fDeRWNYj97z3HY.jpg.jpg,,,
http://development.persist.signzy.tech/api/files/389367/download-bypass/WXkGbH7kDICWFmbIwC2Cv6kMYpNX3lpBbSpPDm7KkMqEqqfVi7.jpg,tmpout/265_WXkGbH7kDICWFmbIwC2Cv6kMYpNX3lpBbSpPDm7KkMqEqqfVi7.jpg.jpg,,1,
http://development.persist.signzy.tech/api/files/389370/download-bypass/RHyhBC5VAFabnWxmqUin3yvegEUP2DdOr54vIsgURwbyOiPHe8.jpg,tmpout/266_RHyhBC5VAFabnWxmqUin3yvegEUP2DdOr54vIsgURwbyOiPHe8.jpg.jpg,,,
http://development.persist.signzy.tech/api/files/389371/download-bypass/alayddmetrBDkhyzcUtj4VEIrWoBrHloMwUQ6gC4Vd8TCQGTdt.png,tmpout/267_alayddmetrBDkhyzcUtj4VEIrWoBrHloMwUQ6gC4Vd8TCQGTdt.png.png,,,
http://development.persist.signzy.tech/api/files/389372/download-bypass/f5XXOYxI1ieBXjSUCZ4UM2WpNFU4HkPDs35k0w6gtSJSlSYyHn.jpg,tmpout/268_f5XXOYxI1ieBXjSUCZ4UM2WpNFU4HkPDs35k0w6gtSJSlSYyHn.jpg.jpg,,,
http://development.persist.signzy.tech/api/files/389373/download-bypass/VSkZrJPnZacsYGjzfPaC9W6ZCDQ5ghZPbW7iB7RhaBBe53QY5F.jpg,tmpout/269_VSkZrJPnZacsYGjzfPaC9W6ZCDQ5ghZPbW7iB7RhaBBe53QY5F.jpg.jpg,,,
http://development.persist.signzy.tech/api/files/389374/download-bypass/uGBOgEo8cSFOC8Yk7hQUmrJ6O8HgaqjstzfWZZjtpjL9o7NZ8p.jpg,tmpout/270_uGBOgEo8cSFOC8Yk7hQUmrJ6O8HgaqjstzfWZZjtpjL9o7NZ8p.jpg.jpg,,,
http://development.persist.signzy.tech/api/files/389375/download-bypass/uxBOShxfPg8rDFzy5BpGYZ3w6xr8YitabdWwSN7ODedEXXkfjr.jpg,tmpout/271_uxBOShxfPg8rDFzy5BpGYZ3w6xr8YitabdWwSN7ODedEXXkfjr.jpg.jpg,,,
http://development.persist.signzy.tech/api/files/389376/download-bypass/8zcbfgLisq7716lVZkqf8bFEZUUY6TYAeJOQ6n0WHMzUKE49KT.jpeg,tmpout/272_8zcbfgLisq7716lVZkqf8bFEZUUY6TYAeJOQ6n0WHMzUKE49KT.jpeg.jpeg,,,
http://development.persist.signzy.tech/api/files/389377/download-bypass/S3eH5Ic5RSDlwuiCotzN5kA9kLQyk8kVytiMTkZXOvUhutUWgu.jpg,tmpout/273_S3eH5Ic5RSDlwuiCotzN5kA9kLQyk8kVytiMTkZXOvUhutUWgu.jpg.jpg,,,
http://development.persist.signzy.tech/api/files/389378/download-bypass/RZMDAyE5Zrw3WKMClySDYicqQF0lGtsfWMp3KJPVIk1c4gMWsQ.jpg,tmpout/274_RZMDAyE5Zrw3WKMClySDYicqQF0lGtsfWMp3KJPVIk1c4gMWsQ.jpg.jpg,,,
http://development.persist.signzy.tech/api/files/389379/download-bypass/nfu9UpX2Z4XKVOebjkQzSrWVfTBy39RcpAgSO0X0TPB39KpXzC.jpeg,tmpout/275_nfu9UpX2Z4XKVOebjkQzSrWVfTBy39RcpAgSO0X0TPB39KpXzC.jpeg.jpeg,,,
http://development.persist.signzy.tech/api/files/389380/download-bypass/r0IoQYmH0O53iGq5Vq6i6bIIh2ptspkoWThdf5rHUCSwvJeQgz.jpg,tmpout/276_r0IoQYmH0O53iGq5Vq6i6bIIh2ptspkoWThdf5rHUCSwvJeQgz.jpg.jpg,,,
http://development.persist.signzy.tech/api/files/389381/download-bypass/JNxbVzCzIT2y1jjSyY2TtFj6r0uEfbbjVRYsvJetEv1ZZau4cl.jpg,tmpout/277_JNxbVzCzIT2y1jjSyY2TtFj6r0uEfbbjVRYsvJetEv1ZZau4cl.jpg.jpg,,,
http://development.persist.signzy.tech/api/files/389382/download-bypass/W2qiUTLsGSPkVLn5XDO0ZMtWqm4eminozJ1SX0l7WPjsEdWw7B.jpg,tmpout/278_W2qiUTLsGSPkVLn5XDO0ZMtWqm4eminozJ1SX0l7WPjsEdWw7B.jpg.jpg,,,
http://development.persist.signzy.tech/api/files/389383/download-bypass/sCg3qgeU3n6PBFAhBulZ1VAjPqo8FIQFGikKExDfBmhgfW0JaO.jpg,tmpout/279_sCg3qgeU3n6PBFAhBulZ1VAjPqo8FIQFGikKExDfBmhgfW0JaO.jpg.jpg,,,
http://development.persist.signzy.tech/api/files/389384/download-bypass/rt3bSn8bnYnv2KDqpxJ6qEFSjdOJ6dG7stibyclTeYoTpfEsr0.jpeg,tmpout/280_rt3bSn8bnYnv2KDqpxJ6qEFSjdOJ6dG7stibyclTeYoTpfEsr0.jpeg.jpeg,,,
http://development.persist.signzy.tech/api/files/389385/download-bypass/eTu0dYD8rdgz5ZLYo2WMw3psUAaqT82rdeAuCnp2ovOdp5sKBH.jpeg,tmpout/281_eTu0dYD8rdgz5ZLYo2WMw3psUAaqT82rdeAuCnp2ovOdp5sKBH.jpeg.jpeg,,,
http://development.persist.signzy.tech/api/files/389386/download-bypass/kMtaRu82xi51HZtFnihs1TLisUWPiKxXebOJl9mSOjRCvLp50b.jpg,tmpout/282_kMtaRu82xi51HZtFnihs1TLisUWPiKxXebOJl9mSOjRCvLp50b.jpg.jpg,,,
http://development.persist.signzy.tech/api/files/389388/download-bypass/NiqCBUtsi7S1j6Vhpmy88qpXmTSqCNDjsLrIEowrvK4F9iTiXH.jpg,tmpout/283_NiqCBUtsi7S1j6Vhpmy88qpXmTSqCNDjsLrIEowrvK4F9iTiXH.jpg.jpg,,,
http://development.persist.signzy.tech/api/files/389387/download-bypass/7CdrWf0s3RI3p4YIFmPKSpjPWgtH1RGn6SAz4o3PvjAJ5eG25t.jpg,tmpout/284_7CdrWf0s3RI3p4YIFmPKSpjPWgtH1RGn6SAz4o3PvjAJ5eG25t.jpg.jpg,,,
http://development.persist.signzy.tech/api/files/389389/download-bypass/hXmME9s2tpvlSPcLvnBXB67Hde3wqpGpB5xFmY2Mu2hF2LobMQ.jpg,tmpout/285_hXmME9s2tpvlSPcLvnBXB67Hde3wqpGpB5xFmY2Mu2hF2LobMQ.jpg.jpg,,,
http://development.persist.signzy.tech/api/files/389390/download-bypass/VDee3yj6hTv9nJGVWLuCwV8vpwnBxuks8vJGnw0ENs1z3MSacJ.jpg,tmpout/286_VDee3yj6hTv9nJGVWLuCwV8vpwnBxuks8vJGnw0ENs1z3MSacJ.jpg.jpg,,,
http://development.persist.signzy.tech/api/files/389391/download-bypass/F7LfodI3X8cL9VynkiZHR9AKyEFVRuTk92HkrUULIqxvlutz8g.jpg,tmpout/287_F7LfodI3X8cL9VynkiZHR9AKyEFVRuTk92HkrUULIqxvlutz8g.jpg.jpg,,,
http://development.persist.signzy.tech/api/files/389392/download-bypass/AUG1TL2VACRAuGhAMiZAXhQ29cRr2lPHFxqiW2cpvHncbkkNrr.jpg,tmpout/288_AUG1TL2VACRAuGhAMiZAXhQ29cRr2lPHFxqiW2cpvHncbkkNrr.jpg.jpg,,,
http://development.persist.signzy.tech/api/files/389393/download-bypass/vwOpTN72Lck1i00UDTc4fBGLon3R5UK3AxhIP0wwCipmpz59j6.jpg,tmpout/289_vwOpTN72Lck1i00UDTc4fBGLon3R5UK3AxhIP0wwCipmpz59j6.jpg.jpg,,,
http://development.persist.signzy.tech/api/files/389394/download-bypass/OvZ8nOXb8VULZ6xZVI0lM9IcabV3oxgSvK6NvVV17Cp7NnSatU.jpg,tmpout/290_OvZ8nOXb8VULZ6xZVI0lM9IcabV3oxgSvK6NvVV17Cp7NnSatU.jpg.jpg,,,
http://development.persist.signzy.tech/api/files/389395/download-bypass/uuirYwbd4r8fKneknydOCLzS2FK0mVuatTxFRSBlUJCSqezovU.jpg,tmpout/291_uuirYwbd4r8fKneknydOCLzS2FK0mVuatTxFRSBlUJCSqezovU.jpg.jpg,,,
http://development.persist.signzy.tech/api/files/389396/download-bypass/I7w2b4CAwCuZh5NmPsK0yRFDTdyKs4WKNHzLH3e7ZV7bFCwgit.jpg,tmpout/292_I7w2b4CAwCuZh5NmPsK0yRFDTdyKs4WKNHzLH3e7ZV7bFCwgit.jpg.jpg,,,
http://development.persist.signzy.tech/api/files/389397/download-bypass/ReNPG8UfBDw775A8Ftq87AHFJdW5f5WYlAiL75QrdAVGrljwvT.jpg,tmpout/293_ReNPG8UfBDw775A8Ftq87AHFJdW5f5WYlAiL75QrdAVGrljwvT.jpg.jpg,,,
http://development.persist.signzy.tech/api/files/389398/download-bypass/2ABP3Vjn0sv8c5gKbqIiMJoM3aTfX4MhNjuf3llGjPSfg2MR6M.jpg,tmpout/294_2ABP3Vjn0sv8c5gKbqIiMJoM3aTfX4MhNjuf3llGjPSfg2MR6M.jpg.jpg,,,
http://development.persist.signzy.tech/api/files/389399/download-bypass/oTmtQXuwpSnXA2SkTb0v2tRrgtVI3DzFxTjIsx0rJFs4iFc0HK.jpeg,tmpout/295_oTmtQXuwpSnXA2SkTb0v2tRrgtVI3DzFxTjIsx0rJFs4iFc0HK.jpeg.jpeg,,,
http://development.persist.signzy.tech/api/files/389400/download-bypass/DV9E0lGHMlS4pkrYPTMCASJRLD1y67MqqlgqtKEQTzARddREH3.jpg,tmpout/296_DV9E0lGHMlS4pkrYPTMCASJRLD1y67MqqlgqtKEQTzARddREH3.jpg.jpg,,,
http://development.persist.signzy.tech/api/files/389401/download-bypass/xSNDU11BnOQ8DG0eXTDdERObrYwHFbezRn9qEsPu9eCfOdwnTj.jpg,tmpout/297_xSNDU11BnOQ8DG0eXTDdERObrYwHFbezRn9qEsPu9eCfOdwnTj.jpg.jpg,,,
http://development.persist.signzy.tech/api/files/389403/download-bypass/KFEWTAEp61ULUlGzHBsSkhEuZjMfKO8LyN1Yc4ieqepgfyu0hp.jpg,tmpout/298_KFEWTAEp61ULUlGzHBsSkhEuZjMfKO8LyN1Yc4ieqepgfyu0hp.jpg.jpg,,,
http://development.persist.signzy.tech/api/files/389402/download-bypass/ituGwDOfB8mDwfZm1zEg5oNT35ZSozeJlGenWGrkyqAlIgY5d7.jpg,tmpout/299_ituGwDOfB8mDwfZm1zEg5oNT35ZSozeJlGenWGrkyqAlIgY5d7.jpg.jpg,,,
http://development.persist.signzy.tech/api/files/389404/download-bypass/Met0nwVcgjrRNw4y7ExgqchS5hcrJaj6zbwH3fo8VJpne2kv12.jpg,tmpout/300_Met0nwVcgjrRNw4y7ExgqchS5hcrJaj6zbwH3fo8VJpne2kv12.jpg.jpg,,,
http://development.persist.signzy.tech/api/files/389405/download-bypass/DpqG22lsW9veTW8Gt3UbrqqvOYj7bK93qEItj8CgaMyQMyQxMm.jpg,tmpout/301_DpqG22lsW9veTW8Gt3UbrqqvOYj7bK93qEItj8CgaMyQMyQxMm.jpg.jpg,,,
http://development.persist.signzy.tech/api/files/389406/download-bypass/N29D1b9tD0l0Hok1eSonZsO6GOEGJ6A0E0EZc5Ak9k42Turs0Y.jpg,tmpout/302_N29D1b9tD0l0Hok1eSonZsO6GOEGJ6A0E0EZc5Ak9k42Turs0Y.jpg.jpg,,,
http://development.persist.signzy.tech/api/files/389407/download-bypass/KoYB4l8InJHkHFMOdR1v5siVGAZoA9BV3Ohb79K3W2mnLZOOy3.jpg,tmpout/303_KoYB4l8InJHkHFMOdR1v5siVGAZoA9BV3Ohb79K3W2mnLZOOy3.jpg.jpg,,,
http://development.persist.signzy.tech/api/files/389408/download-bypass/d0Mg3Y3sacHQmmoQqutRTvwuc2kailBG6pMzr7sX7I8YQJKkCI.jpeg,tmpout/304_d0Mg3Y3sacHQmmoQqutRTvwuc2kailBG6pMzr7sX7I8YQJKkCI.jpeg.jpeg,,,
http://development.persist.signzy.tech/api/files/389409/download-bypass/wPe3JEEtrMTS1UV86jXuXGrnaYP065vtIinZxqfG2Hgz5CJvzE.jpeg,tmpout/305_wPe3JEEtrMTS1UV86jXuXGrnaYP065vtIinZxqfG2Hgz5CJvzE.jpeg.jpeg,,,
http://development.persist.signzy.tech/api/files/389410/download-bypass/1cIymw0KyFcYpeWnCUoDpzdkdUyjhuyLb940ADzaTUK2o6fekN.jpeg,tmpout/306_1cIymw0KyFcYpeWnCUoDpzdkdUyjhuyLb940ADzaTUK2o6fekN.jpeg.jpeg,,,
http://development.persist.signzy.tech/api/files/389412/download-bypass/WH2cvQ4hYgX29Jw3I7y3kYfvMdeVp4whyZmObwRCvlNZteXbcr.jpeg,tmpout/307_WH2cvQ4hYgX29Jw3I7y3kYfvMdeVp4whyZmObwRCvlNZteXbcr.jpeg.jpeg,,,
http://development.persist.signzy.tech/api/files/389411/download-bypass/tt3tcwa8kp60Y4z3ZSDfx19Nt8LyTsakiOMCqz1PaiURy09Gb1.jpg,tmpout/308_tt3tcwa8kp60Y4z3ZSDfx19Nt8LyTsakiOMCqz1PaiURy09Gb1.jpg.jpg,,,
http://development.persist.signzy.tech/api/files/389413/download-bypass/bNiDsHzpHBeQIoIMSKT3ZKnPmkMeATUuHvsyrufp4ycTMmM7gh.jpg,tmpout/309_bNiDsHzpHBeQIoIMSKT3ZKnPmkMeATUuHvsyrufp4ycTMmM7gh.jpg.jpg,,,
http://development.persist.signzy.tech/api/files/389414/download-bypass/WOqoqmjVVl2u2uiFyoenuoTD33oBb4UR9D51q4fMeXJxEFkeN7.jpg,tmpout/310_WOqoqmjVVl2u2uiFyoenuoTD33oBb4UR9D51q4fMeXJxEFkeN7.jpg.jpg,,,
http://development.persist.signzy.tech/api/files/389415/download-bypass/FvGfITgFVk1EzGPvn5znaFWjBnWL2WPqqP3oyiZOT1DgDmOhgl.jpg,tmpout/311_FvGfITgFVk1EzGPvn5znaFWjBnWL2WPqqP3oyiZOT1DgDmOhgl.jpg.jpg,,,
http://development.persist.signzy.tech/api/files/389416/download-bypass/kyF1l8oV1mUS46o5lZV5GttnKxJubZEN63jXEjVgtYNgk9arcf.jpg,tmpout/312_kyF1l8oV1mUS46o5lZV5GttnKxJubZEN63jXEjVgtYNgk9arcf.jpg.jpg,,,
http://development.persist.signzy.tech/api/files/389417/download-bypass/pGZLNjaibkCpW8ZBSfSe2O38p2YRMnrGZv756FZDwzAQr0vagc.jpg,tmpout/313_pGZLNjaibkCpW8ZBSfSe2O38p2YRMnrGZv756FZDwzAQr0vagc.jpg.jpg,,,
http://development.persist.signzy.tech/api/files/389418/download-bypass/vGx2SfCyBuNBcap0Ws893WrLCVDLcBQKuj6erb5k5O9QTeIHAg.png,tmpout/314_vGx2SfCyBuNBcap0Ws893WrLCVDLcBQKuj6erb5k5O9QTeIHAg.png.png,,,
http://development.persist.signzy.tech/api/files/389419/download-bypass/GNFvSfWjcHPaPes22YEx5J23B46Veruw96AxcDdr9Q8EA9fpyv.jpg,tmpout/315_GNFvSfWjcHPaPes22YEx5J23B46Veruw96AxcDdr9Q8EA9fpyv.jpg.jpg,,,
http://development.persist.signzy.tech/api/files/389420/download-bypass/q4azbeGbKFLxOOceqqiXQXM6QIisg7DV9hOkvNSwwz4KZz3g49.jpg,tmpout/316_q4azbeGbKFLxOOceqqiXQXM6QIisg7DV9hOkvNSwwz4KZz3g49.jpg.jpg,,,
http://development.persist.signzy.tech/api/files/389421/download-bypass/XRQvTApJjvJ7uSGhkhTFvbzep2crfvT9u7z6XxgHJu83n6o7sb.jpg,tmpout/317_XRQvTApJjvJ7uSGhkhTFvbzep2crfvT9u7z6XxgHJu83n6o7sb.jpg.jpg,,,
http://development.persist.signzy.tech/api/files/389422/download-bypass/bldogdXLH4QD5bhIk7gOTU53Zb9wlmutJN2jq7k6SiE7dm5qXh.jpg,tmpout/318_bldogdXLH4QD5bhIk7gOTU53Zb9wlmutJN2jq7k6SiE7dm5qXh.jpg.jpg,,,
http://development.persist.signzy.tech/api/files/389423/download-bypass/SaxJP3mQ61h5iJLI9QpcKqLWpgBpxCrKQCDfooZMbF5kvej7FY.jpg,tmpout/319_SaxJP3mQ61h5iJLI9QpcKqLWpgBpxCrKQCDfooZMbF5kvej7FY.jpg.jpg,,,
http://development.persist.signzy.tech/api/files/389424/download-bypass/MI86QUQMMWRlD9G0q3azj90ZbOvVkzHAWghhLYfBY4uQyK7v76.jpg,tmpout/320_MI86QUQMMWRlD9G0q3azj90ZbOvVkzHAWghhLYfBY4uQyK7v76.jpg.jpg,,,
http://development.persist.signzy.tech/api/files/388594/download-bypass/duy6ZqxRp4ndr5wE19K3ashXPLazlVf9I3GbYtcwcaIhXwv1Va.tiff,tmpout/321_duy6ZqxRp4ndr5wE19K3ashXPLazlVf9I3GbYtcwcaIhXwv1Va.tiff.tiff,,,
http://development.persist.signzy.tech/api/files/388596/download-bypass/uZPZqgAhvaLp4zKiuIgkriG1s7yOP94alz0GG85t3DH7cdunaw.tiff,tmpout/322_uZPZqgAhvaLp4zKiuIgkriG1s7yOP94alz0GG85t3DH7cdunaw.tiff.tiff,,,
http://development.persist.signzy.tech/api/files/388598/download-bypass/ixof9cCoJVeZ66LzWkcU7HFWqoSibJIAyB8JFCtS1koHzLzf3E.tiff,tmpout/323_ixof9cCoJVeZ66LzWkcU7HFWqoSibJIAyB8JFCtS1koHzLzf3E.tiff.tiff,,,
http://development.persist.signzy.tech/api/files/388599/download-bypass/NafOAarLbetZcaDAKp67tN9khvpbp1TnjBcdXigOV9P2KBOJaa.tiff,tmpout/324_NafOAarLbetZcaDAKp67tN9khvpbp1TnjBcdXigOV9P2KBOJaa.tiff.tiff,,,
http://development.persist.signzy.tech/api/files/388600/download-bypass/KoHrfAqqSUSL1VIlZfBEstHIm1RDV8n6rpSz5e1f8m1Pk3MPaN.tiff,tmpout/325_KoHrfAqqSUSL1VIlZfBEstHIm1RDV8n6rpSz5e1f8m1Pk3MPaN.tiff.tiff,,,
http://development.persist.signzy.tech/api/files/388602/download-bypass/yUgv1nEIjohDhqyArboORGCj4vnHtWbZMbSyO0ko7zFyNkKxPV.tiff,tmpout/326_yUgv1nEIjohDhqyArboORGCj4vnHtWbZMbSyO0ko7zFyNkKxPV.tiff.tiff,,,
http://development.persist.signzy.tech/api/files/388603/download-bypass/hTgz2hjDX7dlD026LONCXXsoGCrCpQLsF8CbjRhd694I3Ze7sr.tiff,tmpout/327_hTgz2hjDX7dlD026LONCXXsoGCrCpQLsF8CbjRhd694I3Ze7sr.tiff.tiff,,,
http://development.persist.signzy.tech/api/files/388604/download-bypass/iSXQW7OR8TTDq4wK42Z0WwLJhfWcyO4YQMuOzIedMHk7PqI6OD.tiff,tmpout/328_iSXQW7OR8TTDq4wK42Z0WwLJhfWcyO4YQMuOzIedMHk7PqI6OD.tiff.tiff,,1,
http://development.persist.signzy.tech/api/files/388605/download-bypass/8jXPaBXQHGHM7NueNvmzxHkzVBgbJxFUCgghspxO8Y52a3UbDK.tiff,tmpout/329_8jXPaBXQHGHM7NueNvmzxHkzVBgbJxFUCgghspxO8Y52a3UbDK.tiff.tiff,,,
http://development.persist.signzy.tech/api/files/388607/download-bypass/awPKsk4EEpQuJbpTwXGc0L2fvdxSIgMvU2ZSdBeZ7aUKb0qWUZ.tiff,tmpout/330_awPKsk4EEpQuJbpTwXGc0L2fvdxSIgMvU2ZSdBeZ7aUKb0qWUZ.tiff.tiff,,,
http://development.persist.signzy.tech/api/files/388609/download-bypass/6Lx2cDpSorpVHqeGZ3GXHzJIptAtU0o1eKkr23z8iHwuBNYcoA.tiff,tmpout/331_6Lx2cDpSorpVHqeGZ3GXHzJIptAtU0o1eKkr23z8iHwuBNYcoA.tiff.tiff,,,
http://development.persist.signzy.tech/api/files/388610/download-bypass/RtqpUPgAa6QoFogPGIWVP6L3WXPsPG2KgeDDGJ0JCZ0mAXPBgH.tiff,tmpout/332_RtqpUPgAa6QoFogPGIWVP6L3WXPsPG2KgeDDGJ0JCZ0mAXPBgH.tiff.tiff,,,
http://development.persist.signzy.tech/api/files/388611/download-bypass/44oLum4zkx4eclAOoiwcHvC1ctaWP0pYlrnIal6RuDgj0CmQrB.tiff,tmpout/333_44oLum4zkx4eclAOoiwcHvC1ctaWP0pYlrnIal6RuDgj0CmQrB.tiff.tiff,,,
http://development.persist.signzy.tech/api/files/388612/download-bypass/Dkjd7voVo3XBNnHvawepyOusabyRr4ZLGTrAikWfdwCwPm2XcS.tiff,tmpout/334_Dkjd7voVo3XBNnHvawepyOusabyRr4ZLGTrAikWfdwCwPm2XcS.tiff.tiff,,,
http://development.persist.signzy.tech/api/files/388613/download-bypass/1vXgY7mHQLUIzo7ouaX5ssC1zCxTC0SIQtxtAbz9UkvXcfkHIx.tiff,tmpout/335_1vXgY7mHQLUIzo7ouaX5ssC1zCxTC0SIQtxtAbz9UkvXcfkHIx.tiff.tiff,,,
http://development.persist.signzy.tech/api/files/388615/download-bypass/8LlH1HEsqVpQipGJd8iBj1z7rfKsdwmmXJcLnPF9qNAyQ8eto9.tiff,tmpout/336_8LlH1HEsqVpQipGJd8iBj1z7rfKsdwmmXJcLnPF9qNAyQ8eto9.tiff.tiff,,,
http://development.persist.signzy.tech/api/files/388617/download-bypass/W9sOU2CqenY1s3nbJPd3wMVzCGbKM1FyAZdJYRgojUcZX9unBO.tiff,tmpout/337_W9sOU2CqenY1s3nbJPd3wMVzCGbKM1FyAZdJYRgojUcZX9unBO.tiff.tiff,,,
http://development.persist.signzy.tech/api/files/388618/download-bypass/5YeVcAA86CxPOxE5l5mr9vLk2VcgwpHUsVtswYliqH7cOTGy5J.tiff,tmpout/338_5YeVcAA86CxPOxE5l5mr9vLk2VcgwpHUsVtswYliqH7cOTGy5J.tiff.tiff,,,
http://development.persist.signzy.tech/api/files/388620/download-bypass/1DGBbx59L8XmBCtdH1UqZq9G9hHaAG11Hk43BUr8W7uw59wbI6.tiff,tmpout/339_1DGBbx59L8XmBCtdH1UqZq9G9hHaAG11Hk43BUr8W7uw59wbI6.tiff.tiff,,,
http://development.persist.signzy.tech/api/files/388621/download-bypass/L3rmsFhN2hlILvV9E7ZTsQcRiBklWz1pwrdEO1oYdzhCWgX7Rc.tiff,tmpout/340_L3rmsFhN2hlILvV9E7ZTsQcRiBklWz1pwrdEO1oYdzhCWgX7Rc.tiff.tiff,,,
http://development.persist.signzy.tech/api/files/388623/download-bypass/BCHQN49lFPutBQ5PZGW2L6uRShR3E6FGC2NiZPeKTi6uq9LOB7.tiff,tmpout/341_BCHQN49lFPutBQ5PZGW2L6uRShR3E6FGC2NiZPeKTi6uq9LOB7.tiff.tiff,,,
http://development.persist.signzy.tech/api/files/388624/download-bypass/AqkgdDs5xEusWt038vF1xP10npmdU2NUo3paWf0IHyUGlpGBRN.tiff,tmpout/342_AqkgdDs5xEusWt038vF1xP10npmdU2NUo3paWf0IHyUGlpGBRN.tiff.tiff,,,
http://development.persist.signzy.tech/api/files/388627/download-bypass/49DyGabSGIkuRIo9axzsfr7ll2ZRBHqqFSW0qb9LfC5i1SZhh5.tiff,tmpout/343_49DyGabSGIkuRIo9axzsfr7ll2ZRBHqqFSW0qb9LfC5i1SZhh5.tiff.tiff,,,
http://development.persist.signzy.tech/api/files/388628/download-bypass/gaIqTulP437MqT7Iqo4Fr7cOWIxxDZz3cTusqO2g7vMQ0fno0X.tiff,tmpout/344_gaIqTulP437MqT7Iqo4Fr7cOWIxxDZz3cTusqO2g7vMQ0fno0X.tiff.tiff,,,
http://development.persist.signzy.tech/api/files/388630/download-bypass/QK63DhPyHIqWcWfs9VyrcviKlLt3TfvedZmyn1OEOfeQwxvfk6.tiff,tmpout/345_QK63DhPyHIqWcWfs9VyrcviKlLt3TfvedZmyn1OEOfeQwxvfk6.tiff.tiff,,,
http://development.persist.signzy.tech/api/files/388631/download-bypass/Zs3MoNRxyPRZ7eIDUUrqQFYPRmqWGIpX8tqPxDOue6eH5T7f9n.tiff,tmpout/346_Zs3MoNRxyPRZ7eIDUUrqQFYPRmqWGIpX8tqPxDOue6eH5T7f9n.tiff.tiff,,1,
http://development.persist.signzy.tech/api/files/388632/download-bypass/TPrniEx6sC2BDm97KH4nQHepWtWb0iIMkFRik4LnJiwoMlqTLO.tiff,tmpout/347_TPrniEx6sC2BDm97KH4nQHepWtWb0iIMkFRik4LnJiwoMlqTLO.tiff.tiff,,,
http://development.persist.signzy.tech/api/files/388633/download-bypass/By7QPFoFNAGfZxidaMfaZzDmVF5UbYIsQTCd4h9u1k54LCZc7a.tiff,tmpout/348_By7QPFoFNAGfZxidaMfaZzDmVF5UbYIsQTCd4h9u1k54LCZc7a.tiff.tiff,,,
http://development.persist.signzy.tech/api/files/388634/download-bypass/HfqlBOCbtIvJJYPNfWmZQnyXGhj2m5ogk1C22O3GuyFTIx81sB.tiff,tmpout/349_HfqlBOCbtIvJJYPNfWmZQnyXGhj2m5ogk1C22O3GuyFTIx81sB.tiff.tiff,,,
http://development.persist.signzy.tech/api/files/388635/download-bypass/YbYHy3cG10BHjxmPziPNJW0P4TkOLR6eUUmfei0pvrpuRaMobO.tiff,tmpout/350_YbYHy3cG10BHjxmPziPNJW0P4TkOLR6eUUmfei0pvrpuRaMobO.tiff.tiff,,,
http://development.persist.signzy.tech/api/files/388638/download-bypass/Gx5DZXu9kUhWS09qQ84P7ZSBODM90RwHUIcSchTMhapxu2s8Mj.tiff,tmpout/351_Gx5DZXu9kUhWS09qQ84P7ZSBODM90RwHUIcSchTMhapxu2s8Mj.tiff.tiff,,,
http://development.persist.signzy.tech/api/files/388639/download-bypass/pRjWzGGVsvPVPcPiP31UhWmd3AKr7CWUvWig4ovyjLbWmyUjqi.tiff,tmpout/352_pRjWzGGVsvPVPcPiP31UhWmd3AKr7CWUvWig4ovyjLbWmyUjqi.tiff.tiff,,1,
http://development.persist.signzy.tech/api/files/388640/download-bypass/zFmCNCTmVpm2UknbN9bNOpOYpdGDYSSUrpADnTH6Jzmz9LrQP7.tiff,tmpout/353_zFmCNCTmVpm2UknbN9bNOpOYpdGDYSSUrpADnTH6Jzmz9LrQP7.tiff.tiff,,,
http://development.persist.signzy.tech/api/files/388642/download-bypass/ZBRT8IfWvwrnhZjl7eFcSsTF8pYQgcj42FfwSM91vWwgnMLqkY.tiff,tmpout/354_ZBRT8IfWvwrnhZjl7eFcSsTF8pYQgcj42FfwSM91vWwgnMLqkY.tiff.tiff,,,
http://development.persist.signzy.tech/api/files/388643/download-bypass/X6UCd9ZdnP2nlATkXOH6uKNKL4Lh47CKtKNRoEZAbYcx0llyiu.tiff,tmpout/355_X6UCd9ZdnP2nlATkXOH6uKNKL4Lh47CKtKNRoEZAbYcx0llyiu.tiff.tiff,,,
http://development.persist.signzy.tech/api/files/388646/download-bypass/h4OnpxWyEN4ZFN316OnsiDoEx8p1mccQ0K5SpKZkc0m8Wx98aJ.tiff,tmpout/356_h4OnpxWyEN4ZFN316OnsiDoEx8p1mccQ0K5SpKZkc0m8Wx98aJ.tiff.tiff,,,
http://development.persist.signzy.tech/api/files/388647/download-bypass/Lkb6l5PYHx4HWXoqgD9KRh1tXNw4uALsBUxTmOQu31frkFZ6Es.tiff,tmpout/357_Lkb6l5PYHx4HWXoqgD9KRh1tXNw4uALsBUxTmOQu31frkFZ6Es.tiff.tiff,,,
http://development.persist.signzy.tech/api/files/388648/download-bypass/kMyGMfrFi3TIMo5Unnb1jaboF9EENbQG3uwnz9JkhMAHlPUyDs.tiff,tmpout/358_kMyGMfrFi3TIMo5Unnb1jaboF9EENbQG3uwnz9JkhMAHlPUyDs.tiff.tiff,,,
http://development.persist.signzy.tech/api/files/388650/download-bypass/VsRHhbdKH25OkA5kgzXFOzAks4C4gB579uGuom5GodJYrEULlK.tiff,tmpout/359_VsRHhbdKH25OkA5kgzXFOzAks4C4gB579uGuom5GodJYrEULlK.tiff.tiff,,,
http://development.persist.signzy.tech/api/files/388651/download-bypass/8pS4ZRu0lLnKCIQod70XJG6CEnAIoSVzMhPZH2zqrO9e2KbXDX.tiff,tmpout/360_8pS4ZRu0lLnKCIQod70XJG6CEnAIoSVzMhPZH2zqrO9e2KbXDX.tiff.tiff,,,
http://development.persist.signzy.tech/api/files/388654/download-bypass/G33dNNci04C4sqcmStjqgL5UfzQJMw2QLjxZ1zxB97pH2Ta7RD.tiff,tmpout/361_G33dNNci04C4sqcmStjqgL5UfzQJMw2QLjxZ1zxB97pH2Ta7RD.tiff.tiff,,,
http://development.persist.signzy.tech/api/files/388655/download-bypass/f2ySJBKNHaZVwnlTAYMSrl48iPe5RdNIFiNbPP3g0JeSVmTY9l.tiff,tmpout/362_f2ySJBKNHaZVwnlTAYMSrl48iPe5RdNIFiNbPP3g0JeSVmTY9l.tiff.tiff,,,
http://development.persist.signzy.tech/api/files/388657/download-bypass/yfhElrUDzXjKCujQw64L4vIfCFDoSu8xIXyBrrR4mrqvtYnMx0.tiff,tmpout/363_yfhElrUDzXjKCujQw64L4vIfCFDoSu8xIXyBrrR4mrqvtYnMx0.tiff.tiff,,,
http://development.persist.signzy.tech/api/files/388658/download-bypass/G36u5bVztBMJ8GEWpRiQH7sa9N7fuaLvgfbWz1Z2Wj3XKJxaMl.tiff,tmpout/364_G36u5bVztBMJ8GEWpRiQH7sa9N7fuaLvgfbWz1Z2Wj3XKJxaMl.tiff.tiff,,,
http://development.persist.signzy.tech/api/files/388660/download-bypass/AFzSCFTyKsO0X5Cc2ITXowN2NdENwNFMPNKmF4iTMFBtqF2mhF.tiff,tmpout/365_AFzSCFTyKsO0X5Cc2ITXowN2NdENwNFMPNKmF4iTMFBtqF2mhF.tiff.tiff,,,
http://development.persist.signzy.tech/api/files/388661/download-bypass/NArEys8tKlS8uxvNEPZGTEkHsjHJNHAycsT1miIWw8KTg1fkGE.tiff,tmpout/366_NArEys8tKlS8uxvNEPZGTEkHsjHJNHAycsT1miIWw8KTg1fkGE.tiff.tiff,,,
http://development.persist.signzy.tech/api/files/388665/download-bypass/FyIhsOWflgdrRzJZuys5ViKuzX9fZDMPegyP3Guc2lhNF3ioUR.tiff,tmpout/367_FyIhsOWflgdrRzJZuys5ViKuzX9fZDMPegyP3Guc2lhNF3ioUR.tiff.tiff,,,
http://development.persist.signzy.tech/api/files/388666/download-bypass/oBpvIK3vNXYlHznWucXGgwIJjc7xjJtGZbDzN50cwzl6unXvT4.tiff,tmpout/368_oBpvIK3vNXYlHznWucXGgwIJjc7xjJtGZbDzN50cwzl6unXvT4.tiff.tiff,,,
http://development.persist.signzy.tech/api/files/388662/download-bypass/fXdzSVqta0bBImMldkm9utyoBOaJQnZybXmE96hUZTdqzf4awC.tiff,tmpout/369_fXdzSVqta0bBImMldkm9utyoBOaJQnZybXmE96hUZTdqzf4awC.tiff.tiff,,,
http://development.persist.signzy.tech/api/files/388668/download-bypass/lvtR3QRdbweZ72a46aQ3eDySJVIRrmvlKr3EkPCthe0b0G648r.tiff,tmpout/370_lvtR3QRdbweZ72a46aQ3eDySJVIRrmvlKr3EkPCthe0b0G648r.tiff.tiff,,,
http://development.persist.signzy.tech/api/files/388672/download-bypass/VJg5qirY8NRzKhoYup0j6CLgzqUrslra69TVmIYWeeKO0OaDQm.tiff,tmpout/371_VJg5qirY8NRzKhoYup0j6CLgzqUrslra69TVmIYWeeKO0OaDQm.tiff.tiff,,,
http://development.persist.signzy.tech/api/files/388673/download-bypass/RZmpFg9NagvnyxFQkiYKZgFeLaNQlI3qRlRdTo2dqp3pLt4d9J.tiff,tmpout/372_RZmpFg9NagvnyxFQkiYKZgFeLaNQlI3qRlRdTo2dqp3pLt4d9J.tiff.tiff,,1,
http://development.persist.signzy.tech/api/files/388675/download-bypass/ZMiSLcuy2O03mjKp82rJAaVOwYFrItCF90LI4hkphnAr7gVHXW.tiff,tmpout/373_ZMiSLcuy2O03mjKp82rJAaVOwYFrItCF90LI4hkphnAr7gVHXW.tiff.tiff,,,
http://development.persist.signzy.tech/api/files/388676/download-bypass/UlGAJ0MoJtCrosPLhW37brI5AiclGT9zVAZtVZfAGVFRIVa7q4.tiff,tmpout/374_UlGAJ0MoJtCrosPLhW37brI5AiclGT9zVAZtVZfAGVFRIVa7q4.tiff.tiff,,,
http://development.persist.signzy.tech/api/files/388678/download-bypass/bSRx4eprcjc66MW8iWIMuHz4V8vLdj7XIhoavFrMDUwtvWhddg.tiff,tmpout/375_bSRx4eprcjc66MW8iWIMuHz4V8vLdj7XIhoavFrMDUwtvWhddg.tiff.tiff,,,
http://development.persist.signzy.tech/api/files/388679/download-bypass/QdoVkReCKCgLcCoctp0AkLIipgL1Yfu1rTqx473kFHKdTPM9pV.tiff,tmpout/376_QdoVkReCKCgLcCoctp0AkLIipgL1Yfu1rTqx473kFHKdTPM9pV.tiff.tiff,,,
http://development.persist.signzy.tech/api/files/388681/download-bypass/cspBYaPHRd3NxOfCC8eKtYczooeV762ImxqrXHwWMNZK4BwqQj.tiff,tmpout/377_cspBYaPHRd3NxOfCC8eKtYczooeV762ImxqrXHwWMNZK4BwqQj.tiff.tiff,,,
http://development.persist.signzy.tech/api/files/388683/download-bypass/OHN7jvBAQaqPQN7ooppRvFMYGe1TxPGQ3XhiB8KoM6xd8X0YTI.tiff,tmpout/378_OHN7jvBAQaqPQN7ooppRvFMYGe1TxPGQ3XhiB8KoM6xd8X0YTI.tiff.tiff,,,
http://development.persist.signzy.tech/api/files/388685/download-bypass/QziLxR8NqfGZ1nr2kydzxYdsFURX9J8ypNzSlKjSIZlJjYeUwm.tiff,tmpout/379_QziLxR8NqfGZ1nr2kydzxYdsFURX9J8ypNzSlKjSIZlJjYeUwm.tiff.tiff,,,
http://development.persist.signzy.tech/api/files/388686/download-bypass/kR244TCFmKv99yJNYH0rLA8XRwwuBqh26gKY3IZjLtkyZs9cUP.tiff,tmpout/380_kR244TCFmKv99yJNYH0rLA8XRwwuBqh26gKY3IZjLtkyZs9cUP.tiff.tiff,,,
http://development.persist.signzy.tech/api/files/388688/download-bypass/JTK8L1mISaPctUbLwb4sb8znACJBU7CvwkIOE61ssXQ69Z4ALV.tiff,tmpout/381_JTK8L1mISaPctUbLwb4sb8znACJBU7CvwkIOE61ssXQ69Z4ALV.tiff.tiff,,,
http://development.persist.signzy.tech/api/files/388689/download-bypass/smyNCnFLH3l0ixFEctnyokFxf3OfUKkeOIPEiBoNZGoiZjasUw.tiff,tmpout/382_smyNCnFLH3l0ixFEctnyokFxf3OfUKkeOIPEiBoNZGoiZjasUw.tiff.tiff,,,
http://development.persist.signzy.tech/api/files/388691/download-bypass/s2HplSrq32nXgurc5pFEnXYcnFtkl5jXLjegkZs1egr6OlvLC2.tiff,tmpout/383_s2HplSrq32nXgurc5pFEnXYcnFtkl5jXLjegkZs1egr6OlvLC2.tiff.tiff,,,
http://development.persist.signzy.tech/api/files/388692/download-bypass/KjJ8tyG8OVwAwlQd0o2OkziQ377HPyTMZPjDduF850QmalrllE.tiff,tmpout/384_KjJ8tyG8OVwAwlQd0o2OkziQ377HPyTMZPjDduF850QmalrllE.tiff.tiff,,,
http://development.persist.signzy.tech/api/files/388694/download-bypass/fVylfBVMwaGLNjTV0u9SnR2In9cTyztXb7wgom2NIL6zTJIZ3d.tiff,tmpout/385_fVylfBVMwaGLNjTV0u9SnR2In9cTyztXb7wgom2NIL6zTJIZ3d.tiff.tiff,,1,
http://development.persist.signzy.tech/api/files/388696/download-bypass/XC1DYwuj06M1mHDPcwedJtx2KW0yRUcnb7EEJMVwu8ttvxcmx4.tiff,tmpout/386_XC1DYwuj06M1mHDPcwedJtx2KW0yRUcnb7EEJMVwu8ttvxcmx4.tiff.tiff,,,
http://development.persist.signzy.tech/api/files/388693/download-bypass/zSQQYNkEkxcMpKIzgyGfmxuSBxx8MnwanKpQWaxb13Ckrb4Xjv.tiff,tmpout/387_zSQQYNkEkxcMpKIzgyGfmxuSBxx8MnwanKpQWaxb13Ckrb4Xjv.tiff.tiff,,,
http://development.persist.signzy.tech/api/files/388698/download-bypass/XzR9ql71cYQC2zJbdkwz0hjt2rAsoNsqJVKHGix1XQXUe38hCR.tiff,tmpout/388_XzR9ql71cYQC2zJbdkwz0hjt2rAsoNsqJVKHGix1XQXUe38hCR.tiff.tiff,,1,
http://development.persist.signzy.tech/api/files/388697/download-bypass/E8okJE4cEmMOmOcTtN1goYeJHt5bfXP2B94ottesUgv80dVwPR.tiff,tmpout/389_E8okJE4cEmMOmOcTtN1goYeJHt5bfXP2B94ottesUgv80dVwPR.tiff.tiff,,,
http://development.persist.signzy.tech/api/files/388699/download-bypass/7blKaX3SOi7mZS2T5Lj64fL93BqrXCe7ot7J0YI1UUGJujNEeq.tiff,tmpout/390_7blKaX3SOi7mZS2T5Lj64fL93BqrXCe7ot7J0YI1UUGJujNEeq.tiff.tiff,,,
http://development.persist.signzy.tech/api/files/388701/download-bypass/Ie8cX6gNF90681htXp59ZOHKcNA5Fromkf00pwKVE62CJwas4s.tiff,tmpout/391_Ie8cX6gNF90681htXp59ZOHKcNA5Fromkf00pwKVE62CJwas4s.tiff.tiff,,,
http://development.persist.signzy.tech/api/files/388702/download-bypass/YrZ740WiNNstCHLavcpkiX9A76BXO8L4IO4UufWaLbAnN3ustj.tiff,tmpout/392_YrZ740WiNNstCHLavcpkiX9A76BXO8L4IO4UufWaLbAnN3ustj.tiff.tiff,,,
http://development.persist.signzy.tech/api/files/388704/download-bypass/a58ch8uQg3xE8d7OBydRGkvyLhzlCucRDRfpFRZWlAOCTOMTS0.tiff,tmpout/393_a58ch8uQg3xE8d7OBydRGkvyLhzlCucRDRfpFRZWlAOCTOMTS0.tiff.tiff,,,
http://development.persist.signzy.tech/api/files/388705/download-bypass/gXc3j9SZiC9TA6x6gbiRyDI8wsvdvIuWJP2CfoYJWXoF1tV5yP.tiff,tmpout/394_gXc3j9SZiC9TA6x6gbiRyDI8wsvdvIuWJP2CfoYJWXoF1tV5yP.tiff.tiff,,,
http://development.persist.signzy.tech/api/files/388706/download-bypass/HwLMYqzwbiDopXS26k2PmPyRNDbJo2fYfHpy7WaSYdQLocPsw2.tiff,tmpout/395_HwLMYqzwbiDopXS26k2PmPyRNDbJo2fYfHpy7WaSYdQLocPsw2.tiff.tiff,,1,
http://development.persist.signzy.tech/api/files/388708/download-bypass/Z9KIcyciXVu1mbAe0FusG7YpbDUR5EmX3SyQdjcRYu6WRaBVV7.tiff,tmpout/396_Z9KIcyciXVu1mbAe0FusG7YpbDUR5EmX3SyQdjcRYu6WRaBVV7.tiff.tiff,,,
http://development.persist.signzy.tech/api/files/388709/download-bypass/ZlhaikaQGu0Zx91sffBVf5PJChdw8YSYzHj9OdXR40DzzBHcs1.tiff,tmpout/397_ZlhaikaQGu0Zx91sffBVf5PJChdw8YSYzHj9OdXR40DzzBHcs1.tiff.tiff,,1,
http://development.persist.signzy.tech/api/files/388710/download-bypass/y0tNsKoIprUCsxcT65adCgnxBczBpXM800ewTMCM24ZhVkyerN.tiff,tmpout/398_y0tNsKoIprUCsxcT65adCgnxBczBpXM800ewTMCM24ZhVkyerN.tiff.tiff,,,
http://development.persist.signzy.tech/api/files/388711/download-bypass/KtgCHtvIypGxRkn8letNfOX2FcJaW9VoOnUW4lCksA3qrGddpv.tiff,tmpout/399_KtgCHtvIypGxRkn8letNfOX2FcJaW9VoOnUW4lCksA3qrGddpv.tiff.tiff,,,
http://development.persist.signzy.tech/api/files/388712/download-bypass/BUHVMV9JCW16DRh13SEgzAgcqfe16O4pR4XaCIm5WH3YDvX68q.tiff,tmpout/400_BUHVMV9JCW16DRh13SEgzAgcqfe16O4pR4XaCIm5WH3YDvX68q.tiff.tiff,,,
http://development.persist.signzy.tech/api/files/388714/download-bypass/kqmXc8Tia9W4hVzrcgiEbsaWXgiif51hxIeaHPE7h0N7XwE1r3.tiff,tmpout/401_kqmXc8Tia9W4hVzrcgiEbsaWXgiif51hxIeaHPE7h0N7XwE1r3.tiff.tiff,,,
http://development.persist.signzy.tech/api/files/388715/download-bypass/UNl0AAwd9SE9o8ZrWOXXgPWc5Td80rFWkV2XlYJi3Pr1ZZIIIE.tiff,tmpout/402_UNl0AAwd9SE9o8ZrWOXXgPWc5Td80rFWkV2XlYJi3Pr1ZZIIIE.tiff.tiff,,,
http://development.persist.signzy.tech/api/files/388713/download-bypass/8YuCJtxCa9GlOhnOqq7MPu1kCFtvrYA2NBKySOv3fX54Zcm9To.tiff,tmpout/403_8YuCJtxCa9GlOhnOqq7MPu1kCFtvrYA2NBKySOv3fX54Zcm9To.tiff.tiff,,,
http://development.persist.signzy.tech/api/files/388716/download-bypass/ZdyhCgHracxfdhrgM7o6DWoDofLs0g1yrG2ASf0PYZw4vWRYfr.tiff,tmpout/404_ZdyhCgHracxfdhrgM7o6DWoDofLs0g1yrG2ASf0PYZw4vWRYfr.tiff.tiff,,,
http://development.persist.signzy.tech/api/files/388717/download-bypass/MwEqLSxHV9CNAdv9xqHUiH6l9FNXHiHSN93QsELTP8e4JxTJSP.tiff,tmpout/405_MwEqLSxHV9CNAdv9xqHUiH6l9FNXHiHSN93QsELTP8e4JxTJSP.tiff.tiff,,,
http://development.persist.signzy.tech/api/files/388719/download-bypass/78LKTlbGFXnEWFP5Txwb3CxgdFNI80ErJUa1qStelIgcIrxXjh.tiff,tmpout/406_78LKTlbGFXnEWFP5Txwb3CxgdFNI80ErJUa1qStelIgcIrxXjh.tiff.tiff,,,
http://development.persist.signzy.tech/api/files/388720/download-bypass/afe8bhlus8SRaS7PcHLx0B5G5aTvCbmXvj0jnVBE48m1IaLUpv.tiff,tmpout/407_afe8bhlus8SRaS7PcHLx0B5G5aTvCbmXvj0jnVBE48m1IaLUpv.tiff.tiff,,,
,,7,17,1
,,,,
,,,,0.931372549019608
http://development.persist.signzy.tech/api/files/388967/download-bypass/9WP9JmR1iYqhUmHjj7J9Ldg5CqtVhe6iB8VIqxpnpfnJrhiQmH.jpg,tmpout/147_9WP9JmR1iYqhUmHjj7J9Ldg5CqtVhe6iB8VIqxpnpfnJrhiQmH.jpg.jpg
